2024-12-23 18:18:29 - 

Found multiple occurrences of org.json.JSONObject on the class path:

	jar:file:/C:/Users/User/.m2/repository/org/json/json/20240303/json-20240303.jar!/org/json/JSONObject.class
	jar:file:/C:/Users/User/.m2/repository/com/vaadin/external/google/android-json/0.0.20131108.vaadin1/android-json-0.0.20131108.vaadin1.jar!/org/json/JSONObject.class

You may wish to exclude one of them to ensure predictable runtime behavior

2024-12-23 18:18:29 - Starting GlobalDormApplicationTests using Java 23.0.1 with PID 22024 (started by User in C:\Users\User\Downloads\global_dorm(1)\global_dorm)
2024-12-23 18:18:29 - No active profile set, falling back to 1 default profile: "default"
2024-12-23 18:18:29 - Refreshing org.springframework.web.context.support.GenericWebApplicationContext@3ecedf21
2024-12-23 18:18:29 - Creating shared instance of singleton bean 'org.springframework.context.annotation.internalConfigurationAnnotationProcessor'
2024-12-23 18:18:29 - Creating shared instance of singleton bean 'org.springframework.boot.autoconfigure.internalCachingMetadataReaderFactory'
2024-12-23 18:18:29 - Identified candidate component class: file [C:\Users\User\Downloads\global_dorm(1)\global_dorm\target\classes\ntu\service_centric\global_dorm\AppConfig.class]
2024-12-23 18:18:29 - Identified candidate component class: file [C:\Users\User\Downloads\global_dorm(1)\global_dorm\target\classes\ntu\service_centric\global_dorm\config\SecurityConfig.class]
2024-12-23 18:18:29 - Identified candidate component class: file [C:\Users\User\Downloads\global_dorm(1)\global_dorm\target\classes\ntu\service_centric\global_dorm\controllers\AdminController.class]
2024-12-23 18:18:29 - Identified candidate component class: file [C:\Users\User\Downloads\global_dorm(1)\global_dorm\target\classes\ntu\service_centric\global_dorm\controllers\ApplicationController.class]
2024-12-23 18:18:29 - Identified candidate component class: file [C:\Users\User\Downloads\global_dorm(1)\global_dorm\target\classes\ntu\service_centric\global_dorm\controllers\AuthController.class]
2024-12-23 18:18:29 - Identified candidate component class: file [C:\Users\User\Downloads\global_dorm(1)\global_dorm\target\classes\ntu\service_centric\global_dorm\controllers\DistanceController.class]
2024-12-23 18:18:29 - Identified candidate component class: file [C:\Users\User\Downloads\global_dorm(1)\global_dorm\target\classes\ntu\service_centric\global_dorm\controllers\RoomController.class]
2024-12-23 18:18:29 - Identified candidate component class: file [C:\Users\User\Downloads\global_dorm(1)\global_dorm\target\classes\ntu\service_centric\global_dorm\controllers\UserController.class]
2024-12-23 18:18:29 - Identified candidate component class: file [C:\Users\User\Downloads\global_dorm(1)\global_dorm\target\classes\ntu\service_centric\global_dorm\controllers\WeatherController.class]
2024-12-23 18:18:29 - Identified candidate component class: file [C:\Users\User\Downloads\global_dorm(1)\global_dorm\target\classes\ntu\service_centric\global_dorm\repositories\ApplicationRepository.class]
2024-12-23 18:18:29 - Ignored because not a concrete top-level class: file [C:\Users\User\Downloads\global_dorm(1)\global_dorm\target\classes\ntu\service_centric\global_dorm\repositories\RoomRepository.class]
2024-12-23 18:18:29 - Ignored because not a concrete top-level class: file [C:\Users\User\Downloads\global_dorm(1)\global_dorm\target\classes\ntu\service_centric\global_dorm\repositories\UserRepository.class]
2024-12-23 18:18:29 - Identified candidate component class: file [C:\Users\User\Downloads\global_dorm(1)\global_dorm\target\classes\ntu\service_centric\global_dorm\services\api\DistanceApiService.class]
2024-12-23 18:18:29 - Identified candidate component class: file [C:\Users\User\Downloads\global_dorm(1)\global_dorm\target\classes\ntu\service_centric\global_dorm\services\api\WeatherApiService.class]
2024-12-23 18:18:29 - Identified candidate component class: file [C:\Users\User\Downloads\global_dorm(1)\global_dorm\target\classes\ntu\service_centric\global_dorm\services\ApplicationService.class]
2024-12-23 18:18:29 - Identified candidate component class: file [C:\Users\User\Downloads\global_dorm(1)\global_dorm\target\classes\ntu\service_centric\global_dorm\services\DistanceServiceClient.class]
2024-12-23 18:18:29 - Identified candidate component class: file [C:\Users\User\Downloads\global_dorm(1)\global_dorm\target\classes\ntu\service_centric\global_dorm\services\RoomService.class]
2024-12-23 18:18:29 - Identified candidate component class: file [C:\Users\User\Downloads\global_dorm(1)\global_dorm\target\classes\ntu\service_centric\global_dorm\services\UserService.class]
2024-12-23 18:18:30 - Bootstrapping Spring Data JPA repositories in DEFAULT mode.
2024-12-23 18:18:30 - Creating shared instance of singleton bean 'org.springframework.boot.autoconfigure.AutoConfigurationPackages'
2024-12-23 18:18:30 - Finished Spring Data repository scanning in 57 ms. Found 2 JPA repository interfaces.
2024-12-23 18:18:30 - Creating shared instance of singleton bean 'springSecurityHandlerMappingIntrospectorBeanDefinitionRegistryPostProcessor'
2024-12-23 18:18:30 - Creating shared instance of singleton bean 'propertySourcesPlaceholderConfigurer'
2024-12-23 18:18:30 - Creating shared instance of singleton bean 'org.springframework.boot.test.mock.mockito.MockitoPostProcessor'
2024-12-23 18:18:30 - Creating shared instance of singleton bean 'emBeanDefinitionRegistrarPostProcessor'
2024-12-23 18:18:30 - Creating shared instance of singleton bean 'org.springframework.boot.sql.init.dependency.DatabaseInitializationDependencyConfigurer$DependsOnDatabaseInitializationPostProcessor'
2024-12-23 18:18:30 - Creating shared instance of singleton bean 'org.springframework.context.event.internalEventListenerProcessor'
2024-12-23 18:18:30 - Creating shared instance of singleton bean 'preserveErrorControllerTargetClassPostProcessor'
2024-12-23 18:18:30 - Creating shared instance of singleton bean 'conversionServicePostProcessor'
2024-12-23 18:18:30 - Creating shared instance of singleton bean 'org.springframework.context.event.internalEventListenerFactory'
2024-12-23 18:18:30 - Creating shared instance of singleton bean 'org.springframework.transaction.config.internalTransactionalEventListenerFactory'
2024-12-23 18:18:30 - Creating shared instance of singleton bean 'org.springframework.boot.test.mock.mockito.MockitoPostProcessor$SpyPostProcessor'
2024-12-23 18:18:30 - Creating shared instance of singleton bean 'org.springframework.context.annotation.internalAutowiredAnnotationProcessor'
2024-12-23 18:18:30 - Creating shared instance of singleton bean 'org.springframework.context.annotation.internalCommonAnnotationProcessor'
2024-12-23 18:18:30 - Creating shared instance of singleton bean 'org.springframework.context.annotation.internalPersistenceAnnotationProcessor'
2024-12-23 18:18:30 - Creating shared instance of singleton bean 'org.springframework.boot.context.properties.ConfigurationPropertiesBindingPostProcessor'
2024-12-23 18:18:30 - Creating shared instance of singleton bean 'org.springframework.boot.context.internalConfigurationPropertiesBinder'
2024-12-23 18:18:30 - Creating shared instance of singleton bean 'jdbcConnectionDetailsHikariBeanPostProcessor'
2024-12-23 18:18:30 - Creating shared instance of singleton bean 'org.springframework.aop.config.internalAutoProxyCreator'
2024-12-23 18:18:30 - Creating shared instance of singleton bean 'persistenceExceptionTranslationPostProcessor'
2024-12-23 18:18:30 - Autowiring by type from bean name 'persistenceExceptionTranslationPostProcessor' via factory method to bean named 'environment'
2024-12-23 18:18:30 - Creating shared instance of singleton bean 'webServerFactoryCustomizerBeanPostProcessor'
2024-12-23 18:18:30 - Creating shared instance of singleton bean 'errorPageRegistrarBeanPostProcessor'
2024-12-23 18:18:30 - Creating shared instance of singleton bean 'meterRegistryPostProcessor'
2024-12-23 18:18:30 - Creating shared instance of singleton bean 'org.springframework.transaction.config.internalTransactionAdvisor'
2024-12-23 18:18:30 - Creating shared instance of singleton bean 'org.springframework.transaction.annotation.ProxyTransactionManagementConfiguration'
2024-12-23 18:18:31 - Creating shared instance of singleton bean 'transactionAttributeSource'
2024-12-23 18:18:31 - Creating shared instance of singleton bean 'transactionInterceptor'
2024-12-23 18:18:31 - Autowiring by type from bean name 'transactionInterceptor' via factory method to bean named 'transactionAttributeSource'
2024-12-23 18:18:31 - Autowiring by type from bean name 'org.springframework.transaction.config.internalTransactionAdvisor' via factory method to bean named 'transactionAttributeSource'
2024-12-23 18:18:31 - Autowiring by type from bean name 'org.springframework.transaction.config.internalTransactionAdvisor' via factory method to bean named 'transactionInterceptor'
2024-12-23 18:18:31 - Autowiring by type from bean name 'meterRegistryPostProcessor' via factory method to bean named 'org.springframework.web.context.support.GenericWebApplicationContext@3ecedf21'
2024-12-23 18:18:31 - Creating shared instance of singleton bean 'metricsRepositoryMethodInvocationListenerBeanPostProcessor'
2024-12-23 18:18:31 - Creating shared instance of singleton bean 'observationRegistryPostProcessor'
2024-12-23 18:18:31 - Creating shared instance of singleton bean 'projectingArgumentResolverBeanPostProcessor'
2024-12-23 18:18:31 - Creating shared instance of singleton bean 'org.springframework.test.context.support.internalDynamicPropertyRegistrarBeanInitializer'
2024-12-23 18:18:31 - Creating shared instance of singleton bean 'dataSourceScriptDatabaseInitializer'
2024-12-23 18:18:31 - Creating shared instance of singleton bean 'org.springframework.boot.autoconfigure.sql.init.DataSourceInitializationConfiguration'
2024-12-23 18:18:31 - Creating shared instance of singleton bean 'dataSource'
2024-12-23 18:18:31 - Creating shared instance of singleton bean 'org.springframework.boot.autoconfigure.jdbc.DataSourceConfiguration$Hikari'
2024-12-23 18:18:31 - Creating shared instance of singleton bean 'spring.datasource-org.springframework.boot.autoconfigure.jdbc.DataSourceProperties'
2024-12-23 18:18:31 - Creating shared instance of singleton bean 'org.springframework.boot.context.properties.BoundConfigurationProperties'
2024-12-23 18:18:31 - Creating shared instance of singleton bean 'jdbcConnectionDetails'
2024-12-23 18:18:31 - Creating shared instance of singleton bean 'org.springframework.boot.autoconfigure.jdbc.DataSourceAutoConfiguration$PooledDataSourceConfiguration'
2024-12-23 18:18:31 - Autowiring by type from bean name 'jdbcConnectionDetails' via factory method to bean named 'spring.datasource-org.springframework.boot.autoconfigure.jdbc.DataSourceProperties'
2024-12-23 18:18:31 - Autowiring by type from bean name 'dataSource' via factory method to bean named 'spring.datasource-org.springframework.boot.autoconfigure.jdbc.DataSourceProperties'
2024-12-23 18:18:31 - Autowiring by type from bean name 'dataSource' via factory method to bean named 'jdbcConnectionDetails'
2024-12-23 18:18:31 - Exception encountered during context initialization - cancelling refresh attempt: org.springframework.beans.factory.BeanCreationException: Error creating bean with name 'entityManagerFactory' defined in class path resource [org/springframework/boot/autoconfigure/orm/jpa/HibernateJpaConfiguration.class]: Failed to initialize dependency 'dataSourceScriptDatabaseInitializer' of LoadTimeWeaverAware bean 'entityManagerFactory': Error creating bean with name 'dataSourceScriptDatabaseInitializer' defined in class path resource [org/springframework/boot/autoconfigure/sql/init/DataSourceInitializationConfiguration.class]: Unsatisfied dependency expressed through method 'dataSourceScriptDatabaseInitializer' parameter 0: Error creating bean with name 'dataSource' defined in class path resource [org/springframework/boot/autoconfigure/jdbc/DataSourceConfiguration$Hikari.class]: Failed to instantiate [com.zaxxer.hikari.HikariDataSource]: Factory method 'dataSource' threw exception with message: Failed to determine a suitable driver class
2024-12-23 18:18:31 - 

Error starting ApplicationContext. To display the condition evaluation report re-run your application with 'debug' enabled.
2024-12-23 18:18:31 - 

***************************
APPLICATION FAILED TO START
***************************

Description:

Failed to configure a DataSource: 'url' attribute is not specified and no embedded datasource could be configured.

Reason: Failed to determine a suitable driver class


Action:

Consider the following:
	If you want an embedded database (H2, HSQL or Derby), please put it on the classpath.
	If you have database settings to be loaded from a particular profile you may need to activate it (no profiles are currently active).

2024-12-23 18:18:31 - Caught exception while allowing TestExecutionListener [org.springframework.test.context.web.ServletTestExecutionListener] to prepare test instance [ntu.service_centric.global_dorm.GlobalDormApplicationTests@787d1f9c]
java.lang.IllegalStateException: Failed to load ApplicationContext for [WebMergedContextConfiguration@38811103 testClass = ntu.service_centric.global_dorm.GlobalDormApplicationTests, locations = [], classes = [ntu.service_centric.global_dorm.GlobalDorm], contextInitializerClasses = [], activeProfiles = [], propertySourceDescriptors = [], propertySourceProperties = ["org.springframework.boot.test.context.SpringBootTestContextBootstrapper=true"], contextCustomizers = [org.springframework.boot.test.context.filter.ExcludeFilterContextCustomizer@54e041a4, org.springframework.boot.test.json.DuplicateJsonObjectContextCustomizerFactory$DuplicateJsonObjectContextCustomizer@238d68ff, org.springframework.boot.test.mock.mockito.MockitoContextCustomizer@0, org.springframework.boot.test.web.client.TestRestTemplateContextCustomizer@1cf56a1c, org.springframework.boot.test.web.reactor.netty.DisableReactorResourceFactoryGlobalResourcesContextCustomizerFactory$DisableReactorResourceFactoryGlobalResourcesContextCustomizerCustomizer@35a3d49f, org.springframework.boot.test.autoconfigure.OnFailureConditionReportContextCustomizerFactory$OnFailureConditionReportContextCustomizer@478db956, org.springframework.boot.test.autoconfigure.actuate.observability.ObservabilityContextCustomizerFactory$DisableObservabilityContextCustomizer@1f, org.springframework.boot.test.autoconfigure.properties.PropertyMappingContextCustomizer@0, org.springframework.boot.test.autoconfigure.web.servlet.WebDriverContextCustomizer@7ba8c737, org.springframework.test.context.support.DynamicPropertiesContextCustomizer@0, org.springframework.boot.test.context.SpringBootTestAnnotation@1bd4719a], resourceBasePath = "src/main/webapp", contextLoader = org.springframework.boot.test.context.SpringBootContextLoader, parent = null]
	at org.springframework.test.context.cache.DefaultCacheAwareContextLoaderDelegate.loadContext(DefaultCacheAwareContextLoaderDelegate.java:180)
	at org.springframework.test.context.support.DefaultTestContext.getApplicationContext(DefaultTestContext.java:130)
	at org.springframework.test.context.web.ServletTestExecutionListener.setUpRequestContextIfNecessary(ServletTestExecutionListener.java:191)
	at org.springframework.test.context.web.ServletTestExecutionListener.prepareTestInstance(ServletTestExecutionListener.java:130)
	at org.springframework.test.context.TestContextManager.prepareTestInstance(TestContextManager.java:260)
	at org.springframework.test.context.junit.jupiter.SpringExtension.postProcessTestInstance(SpringExtension.java:160)
	at org.junit.jupiter.engine.descriptor.ClassBasedTestDescriptor.lambda$invokeTestInstancePostProcessors$11(ClassBasedTestDescriptor.java:378)
	at org.junit.jupiter.engine.descriptor.ClassBasedTestDescriptor.executeAndMaskThrowable(ClassBasedTestDescriptor.java:383)
	at org.junit.jupiter.engine.descriptor.ClassBasedTestDescriptor.lambda$invokeTestInstancePostProcessors$12(ClassBasedTestDescriptor.java:378)
	at java.base/java.util.stream.ForEachOps$ForEachOp$OfRef.accept(ForEachOps.java:184)
	at java.base/java.util.stream.ReferencePipeline$3$1.accept(ReferencePipeline.java:215)
	at java.base/java.util.stream.ReferencePipeline$2$1.accept(ReferencePipeline.java:197)
	at java.base/java.util.stream.ReferencePipeline$3$1.accept(ReferencePipeline.java:215)
	at java.base/java.util.ArrayList$ArrayListSpliterator.forEachRemaining(ArrayList.java:1709)
	at java.base/java.util.stream.AbstractPipeline.copyInto(AbstractPipeline.java:570)
	at java.base/java.util.stream.AbstractPipeline.wrapAndCopyInto(AbstractPipeline.java:560)
	at java.base/java.util.stream.ForEachOps$ForEachOp.evaluateSequential(ForEachOps.java:151)
	at java.base/java.util.stream.ForEachOps$ForEachOp$OfRef.evaluateSequential(ForEachOps.java:174)
	at java.base/java.util.stream.AbstractPipeline.evaluate(AbstractPipeline.java:265)
	at java.base/java.util.stream.ReferencePipeline.forEach(ReferencePipeline.java:636)
	at org.junit.jupiter.engine.descriptor.ClassBasedTestDescriptor.invokeTestInstancePostProcessors(ClassBasedTestDescriptor.java:377)
	at org.junit.jupiter.engine.descriptor.ClassBasedTestDescriptor.lambda$instantiateAndPostProcessTestInstance$7(ClassBasedTestDescriptor.java:290)
	at org.junit.platform.engine.support.hierarchical.ThrowableCollector.execute(ThrowableCollector.java:73)
	at org.junit.jupiter.engine.descriptor.ClassBasedTestDescriptor.instantiateAndPostProcessTestInstance(ClassBasedTestDescriptor.java:289)
	at org.junit.jupiter.engine.descriptor.ClassBasedTestDescriptor.lambda$testInstancesProvider$5(ClassBasedTestDescriptor.java:279)
	at java.base/java.util.Optional.orElseGet(Optional.java:364)
	at org.junit.jupiter.engine.descriptor.ClassBasedTestDescriptor.lambda$testInstancesProvider$6(ClassBasedTestDescriptor.java:278)
	at org.junit.jupiter.engine.execution.TestInstancesProvider.getTestInstances(TestInstancesProvider.java:31)
	at org.junit.jupiter.engine.descriptor.TestMethodTestDescriptor.lambda$prepare$1(TestMethodTestDescriptor.java:105)
	at org.junit.platform.engine.support.hierarchical.ThrowableCollector.execute(ThrowableCollector.java:73)
	at org.junit.jupiter.engine.descriptor.TestMethodTestDescriptor.prepare(TestMethodTestDescriptor.java:104)
	at org.junit.jupiter.engine.descriptor.TestMethodTestDescriptor.prepare(TestMethodTestDescriptor.java:68)
	at org.junit.platform.engine.support.hierarchical.NodeTestTask.lambda$prepare$2(NodeTestTask.java:128)
	at org.junit.platform.engine.support.hierarchical.ThrowableCollector.execute(ThrowableCollector.java:73)
	at org.junit.platform.engine.support.hierarchical.NodeTestTask.prepare(NodeTestTask.java:128)
	at org.junit.platform.engine.support.hierarchical.NodeTestTask.execute(NodeTestTask.java:95)
	at java.base/java.util.ArrayList.forEach(ArrayList.java:1597)
	at org.junit.platform.engine.support.hierarchical.SameThreadHierarchicalTestExecutorService.invokeAll(SameThreadHierarchicalTestExecutorService.java:41)
	at org.junit.platform.engine.support.hierarchical.NodeTestTask.lambda$executeRecursively$6(NodeTestTask.java:160)
	at org.junit.platform.engine.support.hierarchical.ThrowableCollector.execute(ThrowableCollector.java:73)
	at org.junit.platform.engine.support.hierarchical.NodeTestTask.lambda$executeRecursively$8(NodeTestTask.java:146)
	at org.junit.platform.engine.support.hierarchical.Node.around(Node.java:137)
	at org.junit.platform.engine.support.hierarchical.NodeTestTask.lambda$executeRecursively$9(NodeTestTask.java:144)
	at org.junit.platform.engine.support.hierarchical.ThrowableCollector.execute(ThrowableCollector.java:73)
	at org.junit.platform.engine.support.hierarchical.NodeTestTask.executeRecursively(NodeTestTask.java:143)
	at org.junit.platform.engine.support.hierarchical.NodeTestTask.execute(NodeTestTask.java:100)
	at java.base/java.util.ArrayList.forEach(ArrayList.java:1597)
	at org.junit.platform.engine.support.hierarchical.SameThreadHierarchicalTestExecutorService.invokeAll(SameThreadHierarchicalTestExecutorService.java:41)
	at org.junit.platform.engine.support.hierarchical.NodeTestTask.lambda$executeRecursively$6(NodeTestTask.java:160)
	at org.junit.platform.engine.support.hierarchical.ThrowableCollector.execute(ThrowableCollector.java:73)
	at org.junit.platform.engine.support.hierarchical.NodeTestTask.lambda$executeRecursively$8(NodeTestTask.java:146)
	at org.junit.platform.engine.support.hierarchical.Node.around(Node.java:137)
	at org.junit.platform.engine.support.hierarchical.NodeTestTask.lambda$executeRecursively$9(NodeTestTask.java:144)
	at org.junit.platform.engine.support.hierarchical.ThrowableCollector.execute(ThrowableCollector.java:73)
	at org.junit.platform.engine.support.hierarchical.NodeTestTask.executeRecursively(NodeTestTask.java:143)
	at org.junit.platform.engine.support.hierarchical.NodeTestTask.execute(NodeTestTask.java:100)
	at org.junit.platform.engine.support.hierarchical.SameThreadHierarchicalTestExecutorService.submit(SameThreadHierarchicalTestExecutorService.java:35)
	at org.junit.platform.engine.support.hierarchical.HierarchicalTestExecutor.execute(HierarchicalTestExecutor.java:57)
	at org.junit.platform.engine.support.hierarchical.HierarchicalTestEngine.execute(HierarchicalTestEngine.java:54)
	at org.junit.platform.launcher.core.EngineExecutionOrchestrator.execute(EngineExecutionOrchestrator.java:198)
	at org.junit.platform.launcher.core.EngineExecutionOrchestrator.execute(EngineExecutionOrchestrator.java:169)
	at org.junit.platform.launcher.core.EngineExecutionOrchestrator.execute(EngineExecutionOrchestrator.java:93)
	at org.junit.platform.launcher.core.EngineExecutionOrchestrator.lambda$execute$0(EngineExecutionOrchestrator.java:58)
	at org.junit.platform.launcher.core.EngineExecutionOrchestrator.withInterceptedStreams(EngineExecutionOrchestrator.java:141)
	at org.junit.platform.launcher.core.EngineExecutionOrchestrator.execute(EngineExecutionOrchestrator.java:57)
	at org.junit.platform.launcher.core.DefaultLauncher.execute(DefaultLauncher.java:103)
	at org.junit.platform.launcher.core.DefaultLauncher.execute(DefaultLauncher.java:85)
	at org.junit.platform.launcher.core.DelegatingLauncher.execute(DelegatingLauncher.java:47)
	at org.apache.maven.surefire.junitplatform.LazyLauncher.execute(LazyLauncher.java:56)
	at org.apache.maven.surefire.junitplatform.JUnitPlatformProvider.execute(JUnitPlatformProvider.java:184)
	at org.apache.maven.surefire.junitplatform.JUnitPlatformProvider.invokeAllTests(JUnitPlatformProvider.java:148)
	at org.apache.maven.surefire.junitplatform.JUnitPlatformProvider.invoke(JUnitPlatformProvider.java:122)
	at org.apache.maven.surefire.booter.ForkedBooter.runSuitesInProcess(ForkedBooter.java:385)
	at org.apache.maven.surefire.booter.ForkedBooter.execute(ForkedBooter.java:162)
	at org.apache.maven.surefire.booter.ForkedBooter.run(ForkedBooter.java:507)
	at org.apache.maven.surefire.booter.ForkedBooter.main(ForkedBooter.java:495)
Caused by: org.springframework.beans.factory.BeanCreationException: Error creating bean with name 'entityManagerFactory' defined in class path resource [org/springframework/boot/autoconfigure/orm/jpa/HibernateJpaConfiguration.class]: Failed to initialize dependency 'dataSourceScriptDatabaseInitializer' of LoadTimeWeaverAware bean 'entityManagerFactory': Error creating bean with name 'dataSourceScriptDatabaseInitializer' defined in class path resource [org/springframework/boot/autoconfigure/sql/init/DataSourceInitializationConfiguration.class]: Unsatisfied dependency expressed through method 'dataSourceScriptDatabaseInitializer' parameter 0: Error creating bean with name 'dataSource' defined in class path resource [org/springframework/boot/autoconfigure/jdbc/DataSourceConfiguration$Hikari.class]: Failed to instantiate [com.zaxxer.hikari.HikariDataSource]: Factory method 'dataSource' threw exception with message: Failed to determine a suitable driver class
	at org.springframework.beans.factory.support.AbstractBeanFactory.doGetBean(AbstractBeanFactory.java:325)
	at org.springframework.beans.factory.support.AbstractBeanFactory.getBean(AbstractBeanFactory.java:204)
	at org.springframework.context.support.AbstractApplicationContext.finishBeanFactoryInitialization(AbstractApplicationContext.java:970)
	at org.springframework.context.support.AbstractApplicationContext.refresh(AbstractApplicationContext.java:627)
	at org.springframework.boot.SpringApplication.refresh(SpringApplication.java:752)
	at org.springframework.boot.SpringApplication.refreshContext(SpringApplication.java:439)
	at org.springframework.boot.SpringApplication.run(SpringApplication.java:318)
	at org.springframework.boot.test.context.SpringBootContextLoader.lambda$loadContext$3(SpringBootContextLoader.java:137)
	at org.springframework.util.function.ThrowingSupplier.get(ThrowingSupplier.java:58)
	at org.springframework.util.function.ThrowingSupplier.get(ThrowingSupplier.java:46)
	at org.springframework.boot.SpringApplication.withHook(SpringApplication.java:1461)
	at org.springframework.boot.test.context.SpringBootContextLoader$ContextLoaderHook.run(SpringBootContextLoader.java:553)
	at org.springframework.boot.test.context.SpringBootContextLoader.loadContext(SpringBootContextLoader.java:137)
	at org.springframework.boot.test.context.SpringBootContextLoader.loadContext(SpringBootContextLoader.java:108)
	at org.springframework.test.context.cache.DefaultCacheAwareContextLoaderDelegate.loadContextInternal(DefaultCacheAwareContextLoaderDelegate.java:225)
	at org.springframework.test.context.cache.DefaultCacheAwareContextLoaderDelegate.loadContext(DefaultCacheAwareContextLoaderDelegate.java:152)
	... 75 common frames omitted
Caused by: org.springframework.beans.factory.UnsatisfiedDependencyException: Error creating bean with name 'dataSourceScriptDatabaseInitializer' defined in class path resource [org/springframework/boot/autoconfigure/sql/init/DataSourceInitializationConfiguration.class]: Unsatisfied dependency expressed through method 'dataSourceScriptDatabaseInitializer' parameter 0: Error creating bean with name 'dataSource' defined in class path resource [org/springframework/boot/autoconfigure/jdbc/DataSourceConfiguration$Hikari.class]: Failed to instantiate [com.zaxxer.hikari.HikariDataSource]: Factory method 'dataSource' threw exception with message: Failed to determine a suitable driver class
	at org.springframework.beans.factory.support.ConstructorResolver.createArgumentArray(ConstructorResolver.java:804)
	at org.springframework.beans.factory.support.ConstructorResolver.instantiateUsingFactoryMethod(ConstructorResolver.java:546)
	at org.springframework.beans.factory.support.AbstractAutowireCapableBeanFactory.instantiateUsingFactoryMethod(AbstractAutowireCapableBeanFactory.java:1351)
	at org.springframework.beans.factory.support.AbstractAutowireCapableBeanFactory.createBeanInstance(AbstractAutowireCapableBeanFactory.java:1181)
	at org.springframework.beans.factory.support.AbstractAutowireCapableBeanFactory.doCreateBean(AbstractAutowireCapableBeanFactory.java:563)
	at org.springframework.beans.factory.support.AbstractAutowireCapableBeanFactory.createBean(AbstractAutowireCapableBeanFactory.java:523)
	at org.springframework.beans.factory.support.AbstractBeanFactory.lambda$doGetBean$0(AbstractBeanFactory.java:336)
	at org.springframework.beans.factory.support.DefaultSingletonBeanRegistry.getSingleton(DefaultSingletonBeanRegistry.java:288)
	at org.springframework.beans.factory.support.AbstractBeanFactory.doGetBean(AbstractBeanFactory.java:334)
	at org.springframework.beans.factory.support.AbstractBeanFactory.getBean(AbstractBeanFactory.java:199)
	at org.springframework.beans.factory.support.AbstractBeanFactory.doGetBean(AbstractBeanFactory.java:312)
	... 90 common frames omitted
Caused by: org.springframework.beans.factory.BeanCreationException: Error creating bean with name 'dataSource' defined in class path resource [org/springframework/boot/autoconfigure/jdbc/DataSourceConfiguration$Hikari.class]: Failed to instantiate [com.zaxxer.hikari.HikariDataSource]: Factory method 'dataSource' threw exception with message: Failed to determine a suitable driver class
	at org.springframework.beans.factory.support.ConstructorResolver.instantiate(ConstructorResolver.java:657)
	at org.springframework.beans.factory.support.ConstructorResolver.instantiateUsingFactoryMethod(ConstructorResolver.java:645)
	at org.springframework.beans.factory.support.AbstractAutowireCapableBeanFactory.instantiateUsingFactoryMethod(AbstractAutowireCapableBeanFactory.java:1351)
	at org.springframework.beans.factory.support.AbstractAutowireCapableBeanFactory.createBeanInstance(AbstractAutowireCapableBeanFactory.java:1181)
	at org.springframework.beans.factory.support.AbstractAutowireCapableBeanFactory.doCreateBean(AbstractAutowireCapableBeanFactory.java:563)
	at org.springframework.beans.factory.support.AbstractAutowireCapableBeanFactory.createBean(AbstractAutowireCapableBeanFactory.java:523)
	at org.springframework.beans.factory.support.AbstractBeanFactory.lambda$doGetBean$0(AbstractBeanFactory.java:336)
	at org.springframework.beans.factory.support.DefaultSingletonBeanRegistry.getSingleton(DefaultSingletonBeanRegistry.java:288)
	at org.springframework.beans.factory.support.AbstractBeanFactory.doGetBean(AbstractBeanFactory.java:334)
	at org.springframework.beans.factory.support.AbstractBeanFactory.getBean(AbstractBeanFactory.java:199)
	at org.springframework.beans.factory.support.DefaultListableBeanFactory.doResolveDependency(DefaultListableBeanFactory.java:1568)
	at org.springframework.beans.factory.support.DefaultListableBeanFactory.resolveDependency(DefaultListableBeanFactory.java:1514)
	at org.springframework.beans.factory.support.ConstructorResolver.resolveAutowiredArgument(ConstructorResolver.java:913)
	at org.springframework.beans.factory.support.ConstructorResolver.createArgumentArray(ConstructorResolver.java:791)
	... 100 common frames omitted
Caused by: org.springframework.beans.BeanInstantiationException: Failed to instantiate [com.zaxxer.hikari.HikariDataSource]: Factory method 'dataSource' threw exception with message: Failed to determine a suitable driver class
	at org.springframework.beans.factory.support.SimpleInstantiationStrategy.lambda$instantiate$0(SimpleInstantiationStrategy.java:199)
	at org.springframework.beans.factory.support.SimpleInstantiationStrategy.instantiateWithFactoryMethod(SimpleInstantiationStrategy.java:88)
	at org.springframework.beans.factory.support.SimpleInstantiationStrategy.instantiate(SimpleInstantiationStrategy.java:168)
	at org.springframework.beans.factory.support.ConstructorResolver.instantiate(ConstructorResolver.java:653)
	... 113 common frames omitted
Caused by: org.springframework.boot.autoconfigure.jdbc.DataSourceProperties$DataSourceBeanCreationException: Failed to determine a suitable driver class
	at org.springframework.boot.autoconfigure.jdbc.DataSourceProperties.determineDriverClassName(DataSourceProperties.java:186)
	at org.springframework.boot.autoconfigure.jdbc.PropertiesJdbcConnectionDetails.getDriverClassName(PropertiesJdbcConnectionDetails.java:49)
	at org.springframework.boot.autoconfigure.jdbc.DataSourceConfiguration.createDataSource(DataSourceConfiguration.java:55)
	at org.springframework.boot.autoconfigure.jdbc.DataSourceConfiguration$Hikari.dataSource(DataSourceConfiguration.java:117)
	at java.base/jdk.internal.reflect.DirectMethodHandleAccessor.invoke(DirectMethodHandleAccessor.java:103)
	at java.base/java.lang.reflect.Method.invoke(Method.java:580)
	at org.springframework.beans.factory.support.SimpleInstantiationStrategy.lambda$instantiate$0(SimpleInstantiationStrategy.java:171)
	... 116 common frames omitted
2024-12-23 18:37:14 - 

Found multiple occurrences of org.json.JSONObject on the class path:

	jar:file:/C:/Users/User/.m2/repository/org/json/json/20240303/json-20240303.jar!/org/json/JSONObject.class
	jar:file:/C:/Users/User/.m2/repository/com/vaadin/external/google/android-json/0.0.20131108.vaadin1/android-json-0.0.20131108.vaadin1.jar!/org/json/JSONObject.class

You may wish to exclude one of them to ensure predictable runtime behavior

2024-12-23 18:37:14 - Starting GlobalDormApplicationTests using Java 23.0.1 with PID 15792 (started by User in C:\Users\User\Downloads\global_dorm(1)\global_dorm)
2024-12-23 18:37:14 - No active profile set, falling back to 1 default profile: "default"
2024-12-23 18:37:14 - Refreshing org.springframework.web.context.support.GenericWebApplicationContext@36c54a56
2024-12-23 18:37:15 - Creating shared instance of singleton bean 'org.springframework.context.annotation.internalConfigurationAnnotationProcessor'
2024-12-23 18:37:15 - Creating shared instance of singleton bean 'org.springframework.boot.autoconfigure.internalCachingMetadataReaderFactory'
2024-12-23 18:37:15 - Identified candidate component class: file [C:\Users\User\Downloads\global_dorm(1)\global_dorm\target\classes\ntu\service_centric\global_dorm\AppConfig.class]
2024-12-23 18:37:15 - Identified candidate component class: file [C:\Users\User\Downloads\global_dorm(1)\global_dorm\target\classes\ntu\service_centric\global_dorm\config\SecurityConfig.class]
2024-12-23 18:37:15 - Identified candidate component class: file [C:\Users\User\Downloads\global_dorm(1)\global_dorm\target\classes\ntu\service_centric\global_dorm\controllers\AdminController.class]
2024-12-23 18:37:15 - Identified candidate component class: file [C:\Users\User\Downloads\global_dorm(1)\global_dorm\target\classes\ntu\service_centric\global_dorm\controllers\ApplicationController.class]
2024-12-23 18:37:15 - Identified candidate component class: file [C:\Users\User\Downloads\global_dorm(1)\global_dorm\target\classes\ntu\service_centric\global_dorm\controllers\AuthController.class]
2024-12-23 18:37:15 - Identified candidate component class: file [C:\Users\User\Downloads\global_dorm(1)\global_dorm\target\classes\ntu\service_centric\global_dorm\controllers\DistanceController.class]
2024-12-23 18:37:15 - Identified candidate component class: file [C:\Users\User\Downloads\global_dorm(1)\global_dorm\target\classes\ntu\service_centric\global_dorm\controllers\RoomController.class]
2024-12-23 18:37:15 - Identified candidate component class: file [C:\Users\User\Downloads\global_dorm(1)\global_dorm\target\classes\ntu\service_centric\global_dorm\controllers\UserController.class]
2024-12-23 18:37:15 - Identified candidate component class: file [C:\Users\User\Downloads\global_dorm(1)\global_dorm\target\classes\ntu\service_centric\global_dorm\controllers\WeatherController.class]
2024-12-23 18:37:15 - Identified candidate component class: file [C:\Users\User\Downloads\global_dorm(1)\global_dorm\target\classes\ntu\service_centric\global_dorm\repositories\ApplicationRepository.class]
2024-12-23 18:37:15 - Ignored because not a concrete top-level class: file [C:\Users\User\Downloads\global_dorm(1)\global_dorm\target\classes\ntu\service_centric\global_dorm\repositories\RoomRepository.class]
2024-12-23 18:37:15 - Ignored because not a concrete top-level class: file [C:\Users\User\Downloads\global_dorm(1)\global_dorm\target\classes\ntu\service_centric\global_dorm\repositories\UserRepository.class]
2024-12-23 18:37:15 - Identified candidate component class: file [C:\Users\User\Downloads\global_dorm(1)\global_dorm\target\classes\ntu\service_centric\global_dorm\services\api\DistanceApiService.class]
2024-12-23 18:37:15 - Identified candidate component class: file [C:\Users\User\Downloads\global_dorm(1)\global_dorm\target\classes\ntu\service_centric\global_dorm\services\api\WeatherApiService.class]
2024-12-23 18:37:15 - Identified candidate component class: file [C:\Users\User\Downloads\global_dorm(1)\global_dorm\target\classes\ntu\service_centric\global_dorm\services\ApplicationService.class]
2024-12-23 18:37:15 - Identified candidate component class: file [C:\Users\User\Downloads\global_dorm(1)\global_dorm\target\classes\ntu\service_centric\global_dorm\services\DistanceServiceClient.class]
2024-12-23 18:37:15 - Identified candidate component class: file [C:\Users\User\Downloads\global_dorm(1)\global_dorm\target\classes\ntu\service_centric\global_dorm\services\RoomService.class]
2024-12-23 18:37:15 - Identified candidate component class: file [C:\Users\User\Downloads\global_dorm(1)\global_dorm\target\classes\ntu\service_centric\global_dorm\services\UserService.class]
2024-12-23 18:37:16 - Bootstrapping Spring Data JPA repositories in DEFAULT mode.
2024-12-23 18:37:16 - Creating shared instance of singleton bean 'org.springframework.boot.autoconfigure.AutoConfigurationPackages'
2024-12-23 18:37:16 - Finished Spring Data repository scanning in 66 ms. Found 2 JPA repository interfaces.
2024-12-23 18:37:16 - Creating shared instance of singleton bean 'springSecurityHandlerMappingIntrospectorBeanDefinitionRegistryPostProcessor'
2024-12-23 18:37:16 - Creating shared instance of singleton bean 'propertySourcesPlaceholderConfigurer'
2024-12-23 18:37:16 - Creating shared instance of singleton bean 'org.springframework.boot.test.mock.mockito.MockitoPostProcessor'
2024-12-23 18:37:16 - Creating shared instance of singleton bean 'emBeanDefinitionRegistrarPostProcessor'
2024-12-23 18:37:16 - Creating shared instance of singleton bean 'org.springframework.boot.sql.init.dependency.DatabaseInitializationDependencyConfigurer$DependsOnDatabaseInitializationPostProcessor'
2024-12-23 18:37:16 - Creating shared instance of singleton bean 'org.springframework.context.event.internalEventListenerProcessor'
2024-12-23 18:37:16 - Creating shared instance of singleton bean 'preserveErrorControllerTargetClassPostProcessor'
2024-12-23 18:37:16 - Creating shared instance of singleton bean 'conversionServicePostProcessor'
2024-12-23 18:37:16 - Creating shared instance of singleton bean 'org.springframework.context.event.internalEventListenerFactory'
2024-12-23 18:37:16 - Creating shared instance of singleton bean 'org.springframework.transaction.config.internalTransactionalEventListenerFactory'
2024-12-23 18:37:16 - Creating shared instance of singleton bean 'org.springframework.boot.test.mock.mockito.MockitoPostProcessor$SpyPostProcessor'
2024-12-23 18:37:16 - Creating shared instance of singleton bean 'org.springframework.context.annotation.internalAutowiredAnnotationProcessor'
2024-12-23 18:37:16 - Creating shared instance of singleton bean 'org.springframework.context.annotation.internalCommonAnnotationProcessor'
2024-12-23 18:37:16 - Creating shared instance of singleton bean 'org.springframework.context.annotation.internalPersistenceAnnotationProcessor'
2024-12-23 18:37:16 - Creating shared instance of singleton bean 'org.springframework.boot.context.properties.ConfigurationPropertiesBindingPostProcessor'
2024-12-23 18:37:16 - Creating shared instance of singleton bean 'org.springframework.boot.context.internalConfigurationPropertiesBinder'
2024-12-23 18:37:16 - Creating shared instance of singleton bean 'jdbcConnectionDetailsHikariBeanPostProcessor'
2024-12-23 18:37:16 - Creating shared instance of singleton bean 'org.springframework.aop.config.internalAutoProxyCreator'
2024-12-23 18:37:16 - Creating shared instance of singleton bean 'persistenceExceptionTranslationPostProcessor'
2024-12-23 18:37:16 - Autowiring by type from bean name 'persistenceExceptionTranslationPostProcessor' via factory method to bean named 'environment'
2024-12-23 18:37:16 - Creating shared instance of singleton bean 'webServerFactoryCustomizerBeanPostProcessor'
2024-12-23 18:37:16 - Creating shared instance of singleton bean 'errorPageRegistrarBeanPostProcessor'
2024-12-23 18:37:16 - Creating shared instance of singleton bean 'meterRegistryPostProcessor'
2024-12-23 18:37:16 - Creating shared instance of singleton bean 'org.springframework.transaction.config.internalTransactionAdvisor'
2024-12-23 18:37:16 - Creating shared instance of singleton bean 'org.springframework.transaction.annotation.ProxyTransactionManagementConfiguration'
2024-12-23 18:37:16 - Creating shared instance of singleton bean 'transactionAttributeSource'
2024-12-23 18:37:16 - Creating shared instance of singleton bean 'transactionInterceptor'
2024-12-23 18:37:16 - Autowiring by type from bean name 'transactionInterceptor' via factory method to bean named 'transactionAttributeSource'
2024-12-23 18:37:16 - Autowiring by type from bean name 'org.springframework.transaction.config.internalTransactionAdvisor' via factory method to bean named 'transactionAttributeSource'
2024-12-23 18:37:16 - Autowiring by type from bean name 'org.springframework.transaction.config.internalTransactionAdvisor' via factory method to bean named 'transactionInterceptor'
2024-12-23 18:37:16 - Autowiring by type from bean name 'meterRegistryPostProcessor' via factory method to bean named 'org.springframework.web.context.support.GenericWebApplicationContext@36c54a56'
2024-12-23 18:37:16 - Creating shared instance of singleton bean 'metricsRepositoryMethodInvocationListenerBeanPostProcessor'
2024-12-23 18:37:16 - Creating shared instance of singleton bean 'observationRegistryPostProcessor'
2024-12-23 18:37:16 - Creating shared instance of singleton bean 'projectingArgumentResolverBeanPostProcessor'
2024-12-23 18:37:16 - Creating shared instance of singleton bean 'org.springframework.test.context.support.internalDynamicPropertyRegistrarBeanInitializer'
2024-12-23 18:37:16 - Creating shared instance of singleton bean 'dataSourceScriptDatabaseInitializer'
2024-12-23 18:37:16 - Creating shared instance of singleton bean 'org.springframework.boot.autoconfigure.sql.init.DataSourceInitializationConfiguration'
2024-12-23 18:37:16 - Creating shared instance of singleton bean 'dataSource'
2024-12-23 18:37:16 - Creating shared instance of singleton bean 'org.springframework.boot.autoconfigure.jdbc.DataSourceConfiguration$Hikari'
2024-12-23 18:37:16 - Creating shared instance of singleton bean 'spring.datasource-org.springframework.boot.autoconfigure.jdbc.DataSourceProperties'
2024-12-23 18:37:16 - Creating shared instance of singleton bean 'org.springframework.boot.context.properties.BoundConfigurationProperties'
2024-12-23 18:37:17 - Creating shared instance of singleton bean 'jdbcConnectionDetails'
2024-12-23 18:37:17 - Creating shared instance of singleton bean 'org.springframework.boot.autoconfigure.jdbc.DataSourceAutoConfiguration$PooledDataSourceConfiguration'
2024-12-23 18:37:17 - Autowiring by type from bean name 'jdbcConnectionDetails' via factory method to bean named 'spring.datasource-org.springframework.boot.autoconfigure.jdbc.DataSourceProperties'
2024-12-23 18:37:17 - Autowiring by type from bean name 'dataSource' via factory method to bean named 'spring.datasource-org.springframework.boot.autoconfigure.jdbc.DataSourceProperties'
2024-12-23 18:37:17 - Autowiring by type from bean name 'dataSource' via factory method to bean named 'jdbcConnectionDetails'
2024-12-23 18:37:17 - Creating shared instance of singleton bean 'spring.sql.init-org.springframework.boot.autoconfigure.sql.init.SqlInitializationProperties'
2024-12-23 18:37:17 - Autowiring by type from bean name 'dataSourceScriptDatabaseInitializer' via factory method to bean named 'dataSource'
2024-12-23 18:37:17 - Autowiring by type from bean name 'dataSourceScriptDatabaseInitializer' via factory method to bean named 'spring.sql.init-org.springframework.boot.autoconfigure.sql.init.SqlInitializationProperties'
2024-12-23 18:37:17 - Creating shared instance of singleton bean 'entityManagerFactory'
2024-12-23 18:37:17 - Creating shared instance of singleton bean 'org.springframework.boot.autoconfigure.orm.jpa.HibernateJpaConfiguration'
2024-12-23 18:37:17 - Creating shared instance of singleton bean 'spring.jpa-org.springframework.boot.autoconfigure.orm.jpa.JpaProperties'
2024-12-23 18:37:17 - Creating shared instance of singleton bean 'spring.jpa.hibernate-org.springframework.boot.autoconfigure.orm.jpa.HibernateProperties'
2024-12-23 18:37:17 - Autowiring by type from bean name 'org.springframework.boot.autoconfigure.orm.jpa.HibernateJpaConfiguration' via constructor to bean named 'dataSource'
2024-12-23 18:37:17 - Autowiring by type from bean name 'org.springframework.boot.autoconfigure.orm.jpa.HibernateJpaConfiguration' via constructor to bean named 'spring.jpa-org.springframework.boot.autoconfigure.orm.jpa.JpaProperties'
2024-12-23 18:37:17 - Autowiring by type from bean name 'org.springframework.boot.autoconfigure.orm.jpa.HibernateJpaConfiguration' via constructor to bean named 'org.springframework.beans.factory.support.DefaultListableBeanFactory@a567e72'
2024-12-23 18:37:17 - Autowiring by type from bean name 'org.springframework.boot.autoconfigure.orm.jpa.HibernateJpaConfiguration' via constructor to bean named 'spring.jpa.hibernate-org.springframework.boot.autoconfigure.orm.jpa.HibernateProperties'
2024-12-23 18:37:17 - Creating shared instance of singleton bean 'hikariPoolDataSourceMetadataProvider'
2024-12-23 18:37:17 - Creating shared instance of singleton bean 'org.springframework.boot.autoconfigure.jdbc.metadata.DataSourcePoolMetadataProvidersConfiguration$HikariPoolDataSourceMetadataProviderConfiguration'
2024-12-23 18:37:17 - Creating shared instance of singleton bean 'entityManagerFactoryBuilder'
2024-12-23 18:37:17 - Creating shared instance of singleton bean 'jpaVendorAdapter'
2024-12-23 18:37:17 - Autowiring by type from bean name 'entityManagerFactoryBuilder' via factory method to bean named 'jpaVendorAdapter'
2024-12-23 18:37:17 - Creating shared instance of singleton bean 'persistenceManagedTypes'
2024-12-23 18:37:17 - Autowiring by type from bean name 'persistenceManagedTypes' via factory method to bean named 'org.springframework.beans.factory.support.DefaultListableBeanFactory@a567e72'
2024-12-23 18:37:17 - Autowiring by type from bean name 'persistenceManagedTypes' via factory method to bean named 'org.springframework.web.context.support.GenericWebApplicationContext@36c54a56'
2024-12-23 18:37:17 - Autowiring by type from bean name 'entityManagerFactory' via factory method to bean named 'entityManagerFactoryBuilder'
2024-12-23 18:37:17 - Autowiring by type from bean name 'entityManagerFactory' via factory method to bean named 'persistenceManagedTypes'
2024-12-23 18:37:17 - HHH000204: Processing PersistenceUnitInfo [name: default]
2024-12-23 18:37:17 - HHH000412: Hibernate ORM core version 6.6.2.Final
2024-12-23 18:37:17 - HHH000026: Second-level cache disabled
2024-12-23 18:37:17 - No LoadTimeWeaver setup: ignoring JPA class transformer
2024-12-23 18:37:17 - HikariPool-1 - Starting...
2024-12-23 18:37:17 - HikariPool-1 - Added connection conn0: url=jdbc:h2:mem:testdb user=SA
2024-12-23 18:37:17 - HikariPool-1 - Start completed.
2024-12-23 18:37:17 - HHH90000025: H2Dialect does not need to be specified explicitly using 'hibernate.dialect' (remove the property setting and it will be selected by default)
2024-12-23 18:37:17 - HHH10001005: Database info:
	Database JDBC URL [Connecting through datasource 'HikariDataSource (HikariPool-1)']
	Database driver: undefined/unknown
	Database version: 2.3.232
	Autocommit mode: undefined/unknown
	Isolation level: undefined/unknown
	Minimum pool size: undefined/unknown
	Maximum pool size: undefined/unknown
2024-12-23 18:37:18 - HHH000489: No JTA platform available (set 'hibernate.transaction.jta.platform' to enable JTA platform integration)
2024-12-23 18:37:18 - Initialized JPA EntityManagerFactory for persistence unit 'default'
2024-12-23 18:37:18 - Creating shared instance of singleton bean 'globalDorm'
2024-12-23 18:37:18 - Creating shared instance of singleton bean 'appConfig'
2024-12-23 18:37:18 - Creating shared instance of singleton bean 'securityConfig'
2024-12-23 18:37:18 - Creating shared instance of singleton bean 'adminController'
2024-12-23 18:37:19 - Creating shared instance of singleton bean 'applicationController'
2024-12-23 18:37:19 - Creating shared instance of singleton bean 'applicationService'
2024-12-23 18:37:19 - Creating shared instance of singleton bean 'authController'
2024-12-23 18:37:19 - Creating shared instance of singleton bean 'userService'
2024-12-23 18:37:19 - Creating shared instance of singleton bean 'userRepository'
2024-12-23 18:37:19 - Creating shared instance of singleton bean 'jpa.named-queries#1'
2024-12-23 18:37:19 - Creating shared instance of singleton bean 'jpa.UserRepository.fragments#0'
2024-12-23 18:37:19 - Creating shared instance of singleton bean 'jpaSharedEM_entityManagerFactory'
2024-12-23 18:37:19 - Creating shared instance of singleton bean 'jpaMappingContext'
2024-12-23 18:37:19 - Creating shared instance of singleton bean 'metricsRepositoryMethodInvocationListener'
2024-12-23 18:37:19 - Creating shared instance of singleton bean 'org.springframework.boot.actuate.autoconfigure.metrics.data.RepositoryMetricsAutoConfiguration'
2024-12-23 18:37:19 - Creating shared instance of singleton bean 'management.metrics-org.springframework.boot.actuate.autoconfigure.metrics.MetricsProperties'
2024-12-23 18:37:19 - Autowiring by type from bean name 'org.springframework.boot.actuate.autoconfigure.metrics.data.RepositoryMetricsAutoConfiguration' via constructor to bean named 'management.metrics-org.springframework.boot.actuate.autoconfigure.metrics.MetricsProperties'
2024-12-23 18:37:19 - Creating shared instance of singleton bean 'repositoryTagsProvider'
2024-12-23 18:37:19 - Autowiring by type from bean name 'metricsRepositoryMethodInvocationListener' via factory method to bean named 'repositoryTagsProvider'
2024-12-23 18:37:19 - Creating shared instance of singleton bean 'passwordEncoder'
2024-12-23 18:37:19 - Creating shared instance of singleton bean 'distanceController'
2024-12-23 18:37:19 - Creating shared instance of singleton bean 'distanceApiService'
2024-12-23 18:37:19 - Creating shared instance of singleton bean 'distanceServiceClient'
2024-12-23 18:37:19 - Creating shared instance of singleton bean 'roomController'
2024-12-23 18:37:19 - Creating shared instance of singleton bean 'roomService'
2024-12-23 18:37:19 - Creating shared instance of singleton bean 'roomRepository'
2024-12-23 18:37:19 - Creating shared instance of singleton bean 'jpa.named-queries#0'
2024-12-23 18:37:19 - Creating shared instance of singleton bean 'jpa.RoomRepository.fragments#0'
2024-12-23 18:37:19 - Creating shared instance of singleton bean 'userController'
2024-12-23 18:37:19 - Creating shared instance of singleton bean 'weatherController'
2024-12-23 18:37:19 - Creating shared instance of singleton bean 'weatherApiService'
2024-12-23 18:37:19 - Creating shared instance of singleton bean 'restTemplate'
2024-12-23 18:37:19 - Creating shared instance of singleton bean 'gson'
2024-12-23 18:37:19 - Creating shared instance of singleton bean 'org.springframework.boot.autoconfigure.gson.GsonAutoConfiguration'
2024-12-23 18:37:19 - Creating shared instance of singleton bean 'gsonBuilder'
2024-12-23 18:37:19 - Creating shared instance of singleton bean 'standardGsonBuilderCustomizer'
2024-12-23 18:37:19 - Creating shared instance of singleton bean 'spring.gson-org.springframework.boot.autoconfigure.gson.GsonProperties'
2024-12-23 18:37:19 - Autowiring by type from bean name 'standardGsonBuilderCustomizer' via factory method to bean named 'spring.gson-org.springframework.boot.autoconfigure.gson.GsonProperties'
2024-12-23 18:37:19 - Autowiring by type from bean name 'gsonBuilder' via factory method to bean named 'standardGsonBuilderCustomizer'
2024-12-23 18:37:19 - Autowiring by type from bean name 'gson' via factory method to bean named 'gsonBuilder'
2024-12-23 18:37:19 - Autowiring by type from bean name 'weatherApiService' via constructor to bean named 'restTemplate'
2024-12-23 18:37:19 - Autowiring by type from bean name 'weatherApiService' via constructor to bean named 'gson'
2024-12-23 18:37:19 - Creating shared instance of singleton bean 'applicationRepository'
2024-12-23 18:37:19 - Creating shared instance of singleton bean 'securityFilterChain'
2024-12-23 18:37:19 - Creating shared instance of singleton bean 'org.springframework.security.config.annotation.web.configuration.HttpSecurityConfiguration'
2024-12-23 18:37:19 - Creating shared instance of singleton bean 'objectPostProcessor'
2024-12-23 18:37:19 - Creating shared instance of singleton bean 'org.springframework.security.config.annotation.configuration.ObjectPostProcessorConfiguration'
2024-12-23 18:37:19 - Autowiring by type from bean name 'objectPostProcessor' via factory method to bean named 'org.springframework.beans.factory.support.DefaultListableBeanFactory@a567e72'
2024-12-23 18:37:19 - Creating shared instance of singleton bean 'org.springframework.security.config.annotation.authentication.configuration.AuthenticationConfiguration'
2024-12-23 18:37:19 - Creating shared instance of singleton bean 'enableGlobalAuthenticationAutowiredConfigurer'
2024-12-23 18:37:19 - Autowiring by type from bean name 'enableGlobalAuthenticationAutowiredConfigurer' via factory method to bean named 'org.springframework.web.context.support.GenericWebApplicationContext@36c54a56'
2024-12-23 18:37:19 - Creating shared instance of singleton bean 'initializeUserDetailsBeanManagerConfigurer'
2024-12-23 18:37:19 - Autowiring by type from bean name 'initializeUserDetailsBeanManagerConfigurer' via factory method to bean named 'org.springframework.web.context.support.GenericWebApplicationContext@36c54a56'
2024-12-23 18:37:19 - Creating shared instance of singleton bean 'initializeAuthenticationProviderBeanManagerConfigurer'
2024-12-23 18:37:19 - Autowiring by type from bean name 'initializeAuthenticationProviderBeanManagerConfigurer' via factory method to bean named 'org.springframework.web.context.support.GenericWebApplicationContext@36c54a56'
2024-12-23 18:37:19 - Creating shared instance of singleton bean 'mvcContentNegotiationManager'
2024-12-23 18:37:19 - Creating shared instance of singleton bean 'org.springframework.boot.autoconfigure.web.servlet.WebMvcAutoConfiguration$EnableWebMvcConfiguration'
2024-12-23 18:37:19 - Creating shared instance of singleton bean 'spring.mvc-org.springframework.boot.autoconfigure.web.servlet.WebMvcProperties'
2024-12-23 18:37:19 - Creating shared instance of singleton bean 'spring.web-org.springframework.boot.autoconfigure.web.WebProperties'
2024-12-23 18:37:19 - Autowiring by type from bean name 'org.springframework.boot.autoconfigure.web.servlet.WebMvcAutoConfiguration$EnableWebMvcConfiguration' via constructor to bean named 'spring.mvc-org.springframework.boot.autoconfigure.web.servlet.WebMvcProperties'
2024-12-23 18:37:19 - Autowiring by type from bean name 'org.springframework.boot.autoconfigure.web.servlet.WebMvcAutoConfiguration$EnableWebMvcConfiguration' via constructor to bean named 'spring.web-org.springframework.boot.autoconfigure.web.WebProperties'
2024-12-23 18:37:19 - Autowiring by type from bean name 'org.springframework.boot.autoconfigure.web.servlet.WebMvcAutoConfiguration$EnableWebMvcConfiguration' via constructor to bean named 'org.springframework.beans.factory.support.DefaultListableBeanFactory@a567e72'
2024-12-23 18:37:19 - Creating shared instance of singleton bean 'org.springframework.boot.autoconfigure.web.servlet.WebMvcAutoConfiguration$WebMvcAutoConfigurationAdapter'
2024-12-23 18:37:19 - Autowiring by type from bean name 'org.springframework.boot.autoconfigure.web.servlet.WebMvcAutoConfiguration$WebMvcAutoConfigurationAdapter' via constructor to bean named 'spring.web-org.springframework.boot.autoconfigure.web.WebProperties'
2024-12-23 18:37:19 - Autowiring by type from bean name 'org.springframework.boot.autoconfigure.web.servlet.WebMvcAutoConfiguration$WebMvcAutoConfigurationAdapter' via constructor to bean named 'spring.mvc-org.springframework.boot.autoconfigure.web.servlet.WebMvcProperties'
2024-12-23 18:37:19 - Autowiring by type from bean name 'org.springframework.boot.autoconfigure.web.servlet.WebMvcAutoConfiguration$WebMvcAutoConfigurationAdapter' via constructor to bean named 'org.springframework.beans.factory.support.DefaultListableBeanFactory@a567e72'
2024-12-23 18:37:19 - Creating shared instance of singleton bean 'openEntityManagerInViewInterceptorConfigurer'
2024-12-23 18:37:19 - Creating shared instance of singleton bean 'org.springframework.boot.autoconfigure.orm.jpa.JpaBaseConfiguration$JpaWebConfiguration'
2024-12-23 18:37:19 - Autowiring by type from bean name 'org.springframework.boot.autoconfigure.orm.jpa.JpaBaseConfiguration$JpaWebConfiguration' via constructor to bean named 'spring.jpa-org.springframework.boot.autoconfigure.orm.jpa.JpaProperties'
2024-12-23 18:37:19 - Creating shared instance of singleton bean 'openEntityManagerInViewInterceptor'
2024-12-23 18:37:19 - spring.jpa.open-in-view is enabled by default. Therefore, database queries may be performed during view rendering. Explicitly configure spring.jpa.open-in-view to disable this warning
2024-12-23 18:37:19 - Autowiring by type from bean name 'openEntityManagerInViewInterceptorConfigurer' via factory method to bean named 'openEntityManagerInViewInterceptor'
2024-12-23 18:37:19 - Creating shared instance of singleton bean 'org.springframework.data.web.config.SpringDataWebConfiguration'
2024-12-23 18:37:19 - Autowiring by type from bean name 'org.springframework.data.web.config.SpringDataWebConfiguration' via constructor to bean named 'org.springframework.web.context.support.GenericWebApplicationContext@36c54a56'
2024-12-23 18:37:19 - Creating shared instance of singleton bean 'org.springframework.security.config.annotation.web.configuration.WebMvcSecurityConfiguration'
2024-12-23 18:37:19 - Creating shared instance of singleton bean 'endpointObjectMapperWebMvcConfigurer'
2024-12-23 18:37:19 - Creating shared instance of singleton bean 'endpointObjectMapper'
2024-12-23 18:37:19 - Creating shared instance of singleton bean 'org.springframework.boot.actuate.autoconfigure.endpoint.jackson.JacksonEndpointAutoConfiguration'
2024-12-23 18:37:19 - Autowiring by type from bean name 'endpointObjectMapperWebMvcConfigurer' via factory method to bean named 'endpointObjectMapper'
2024-12-23 18:37:19 - Creating shared instance of singleton bean 'authenticationManagerBuilder'
2024-12-23 18:37:19 - Autowiring by type from bean name 'authenticationManagerBuilder' via factory method to bean named 'objectPostProcessor'
2024-12-23 18:37:19 - Autowiring by type from bean name 'authenticationManagerBuilder' via factory method to bean named 'org.springframework.web.context.support.GenericWebApplicationContext@36c54a56'
2024-12-23 18:37:19 - Creating shared instance of singleton bean 'authenticationEventPublisher'
2024-12-23 18:37:19 - Creating shared instance of singleton bean 'org.springframework.boot.autoconfigure.security.servlet.SecurityAutoConfiguration'
2024-12-23 18:37:19 - Autowiring by type from bean name 'authenticationEventPublisher' via factory method to bean named 'org.springframework.web.context.support.GenericWebApplicationContext@36c54a56'
2024-12-23 18:37:19 - Creating shared instance of singleton bean 'org.springframework.boot.autoconfigure.security.servlet.SpringBootWebSecurityConfiguration$WebSecurityEnablerConfiguration'
2024-12-23 18:37:19 - Creating shared instance of singleton bean 'inMemoryUserDetailsManager'
2024-12-23 18:37:19 - Creating shared instance of singleton bean 'org.springframework.boot.autoconfigure.security.servlet.UserDetailsServiceAutoConfiguration'
2024-12-23 18:37:19 - Creating shared instance of singleton bean 'spring.security-org.springframework.boot.autoconfigure.security.SecurityProperties'
2024-12-23 18:37:19 - Autowiring by type from bean name 'inMemoryUserDetailsManager' via factory method to bean named 'spring.security-org.springframework.boot.autoconfigure.security.SecurityProperties'
2024-12-23 18:37:19 - 

Using generated security password: 025aaddc-0320-40f2-b1b9-61fec9cd3b0a

This generated password is for development use only. Your security configuration must be updated before running your application in production.

2024-12-23 18:37:19 - Global AuthenticationManager configured with UserDetailsService bean with name inMemoryUserDetailsManager
2024-12-23 18:37:19 - Autowiring by type from bean name 'securityFilterChain' via factory method to bean named 'org.springframework.security.config.annotation.web.configuration.HttpSecurityConfiguration.httpSecurity'
2024-12-23 18:37:19 - Creating shared instance of singleton bean 'webAuthorizationManagerPostProcessor'
2024-12-23 18:37:19 - Creating shared instance of singleton bean 'mvcHandlerMappingIntrospector'
2024-12-23 18:37:19 - Creating shared instance of singleton bean 'welcomePageHandlerMapping'
2024-12-23 18:37:19 - Creating shared instance of singleton bean 'mvcConversionService'
2024-12-23 18:37:19 - Creating shared instance of singleton bean 'mvcResourceUrlProvider'
2024-12-23 18:37:19 - Autowiring by type from bean name 'welcomePageHandlerMapping' via factory method to bean named 'org.springframework.web.context.support.GenericWebApplicationContext@36c54a56'
2024-12-23 18:37:19 - Autowiring by type from bean name 'welcomePageHandlerMapping' via factory method to bean named 'mvcConversionService'
2024-12-23 18:37:19 - Autowiring by type from bean name 'welcomePageHandlerMapping' via factory method to bean named 'mvcResourceUrlProvider'
2024-12-23 18:37:19 - Creating shared instance of singleton bean 'welcomePageNotAcceptableHandlerMapping'
2024-12-23 18:37:19 - Autowiring by type from bean name 'welcomePageNotAcceptableHandlerMapping' via factory method to bean named 'org.springframework.web.context.support.GenericWebApplicationContext@36c54a56'
2024-12-23 18:37:19 - Autowiring by type from bean name 'welcomePageNotAcceptableHandlerMapping' via factory method to bean named 'mvcConversionService'
2024-12-23 18:37:19 - Autowiring by type from bean name 'welcomePageNotAcceptableHandlerMapping' via factory method to bean named 'mvcResourceUrlProvider'
2024-12-23 18:37:19 - Creating shared instance of singleton bean 'requestMappingHandlerMapping'
2024-12-23 18:37:19 - Autowiring by type from bean name 'requestMappingHandlerMapping' via factory method to bean named 'mvcContentNegotiationManager'
2024-12-23 18:37:19 - Autowiring by type from bean name 'requestMappingHandlerMapping' via factory method to bean named 'mvcConversionService'
2024-12-23 18:37:19 - Autowiring by type from bean name 'requestMappingHandlerMapping' via factory method to bean named 'mvcResourceUrlProvider'
2024-12-23 18:37:19 - 21 mappings in 'requestMappingHandlerMapping'
2024-12-23 18:37:19 - Creating shared instance of singleton bean 'viewControllerHandlerMapping'
2024-12-23 18:37:19 - Autowiring by type from bean name 'viewControllerHandlerMapping' via factory method to bean named 'mvcConversionService'
2024-12-23 18:37:19 - Autowiring by type from bean name 'viewControllerHandlerMapping' via factory method to bean named 'mvcResourceUrlProvider'
2024-12-23 18:37:19 - Creating shared instance of singleton bean 'beanNameHandlerMapping'
2024-12-23 18:37:19 - Autowiring by type from bean name 'beanNameHandlerMapping' via factory method to bean named 'mvcConversionService'
2024-12-23 18:37:19 - Autowiring by type from bean name 'beanNameHandlerMapping' via factory method to bean named 'mvcResourceUrlProvider'
2024-12-23 18:37:19 - Creating shared instance of singleton bean 'routerFunctionMapping'
2024-12-23 18:37:19 - Autowiring by type from bean name 'routerFunctionMapping' via factory method to bean named 'mvcConversionService'
2024-12-23 18:37:19 - Autowiring by type from bean name 'routerFunctionMapping' via factory method to bean named 'mvcResourceUrlProvider'
2024-12-23 18:37:19 - Creating shared instance of singleton bean 'messageConverters'
2024-12-23 18:37:19 - Creating shared instance of singleton bean 'org.springframework.boot.autoconfigure.http.HttpMessageConvertersAutoConfiguration'
2024-12-23 18:37:19 - Creating shared instance of singleton bean 'stringHttpMessageConverter'
2024-12-23 18:37:19 - Creating shared instance of singleton bean 'org.springframework.boot.autoconfigure.http.HttpMessageConvertersAutoConfiguration$StringHttpMessageConverterConfiguration'
2024-12-23 18:37:19 - Autowiring by type from bean name 'stringHttpMessageConverter' via factory method to bean named 'environment'
2024-12-23 18:37:19 - Creating shared instance of singleton bean 'mappingJackson2HttpMessageConverter'
2024-12-23 18:37:19 - Creating shared instance of singleton bean 'org.springframework.boot.autoconfigure.http.JacksonHttpMessageConvertersConfiguration$MappingJackson2HttpMessageConverterConfiguration'
2024-12-23 18:37:19 - Creating shared instance of singleton bean 'jacksonObjectMapper'
2024-12-23 18:37:19 - Creating shared instance of singleton bean 'org.springframework.boot.autoconfigure.jackson.JacksonAutoConfiguration$JacksonObjectMapperConfiguration'
2024-12-23 18:37:19 - Creating shared instance of singleton bean 'org.springframework.boot.autoconfigure.jackson.JacksonAutoConfiguration$JacksonObjectMapperBuilderConfiguration'
2024-12-23 18:37:19 - Creating shared instance of singleton bean 'standardJacksonObjectMapperBuilderCustomizer'
2024-12-23 18:37:19 - Creating shared instance of singleton bean 'org.springframework.boot.autoconfigure.jackson.JacksonAutoConfiguration$Jackson2ObjectMapperBuilderCustomizerConfiguration'
2024-12-23 18:37:19 - Creating shared instance of singleton bean 'spring.jackson-org.springframework.boot.autoconfigure.jackson.JacksonProperties'
2024-12-23 18:37:19 - Autowiring by type from bean name 'standardJacksonObjectMapperBuilderCustomizer' via factory method to bean named 'spring.jackson-org.springframework.boot.autoconfigure.jackson.JacksonProperties'
2024-12-23 18:37:19 - Creating shared instance of singleton bean 'parameterNamesModule'
2024-12-23 18:37:19 - Creating shared instance of singleton bean 'org.springframework.boot.autoconfigure.jackson.JacksonAutoConfiguration$ParameterNamesModuleConfiguration'
2024-12-23 18:37:19 - Creating shared instance of singleton bean 'jsonMixinModule'
2024-12-23 18:37:19 - Creating shared instance of singleton bean 'org.springframework.boot.autoconfigure.jackson.JacksonAutoConfiguration$JacksonMixinConfiguration'
2024-12-23 18:37:19 - Creating shared instance of singleton bean 'jsonMixinModuleEntries'
2024-12-23 18:37:19 - Autowiring by type from bean name 'jsonMixinModuleEntries' via factory method to bean named 'org.springframework.web.context.support.GenericWebApplicationContext@36c54a56'
2024-12-23 18:37:19 - Autowiring by type from bean name 'jsonMixinModule' via factory method to bean named 'org.springframework.web.context.support.GenericWebApplicationContext@36c54a56'
2024-12-23 18:37:19 - Autowiring by type from bean name 'jsonMixinModule' via factory method to bean named 'jsonMixinModuleEntries'
2024-12-23 18:37:19 - Creating shared instance of singleton bean 'jsonComponentModule'
2024-12-23 18:37:19 - Creating shared instance of singleton bean 'org.springframework.boot.autoconfigure.jackson.JacksonAutoConfiguration'
2024-12-23 18:37:20 - Creating shared instance of singleton bean 'jacksonGeoModule'
2024-12-23 18:37:20 - Creating shared instance of singleton bean 'org.springframework.data.web.config.SpringDataJacksonConfiguration'
2024-12-23 18:37:20 - Creating shared instance of singleton bean 'springDataWebSettings'
2024-12-23 18:37:20 - Creating shared instance of singleton bean 'org.springframework.boot.autoconfigure.data.web.SpringDataWebAutoConfiguration'
2024-12-23 18:37:20 - Creating shared instance of singleton bean 'spring.data.web-org.springframework.boot.autoconfigure.data.web.SpringDataWebProperties'
2024-12-23 18:37:20 - Autowiring by type from bean name 'org.springframework.boot.autoconfigure.data.web.SpringDataWebAutoConfiguration' via constructor to bean named 'spring.data.web-org.springframework.boot.autoconfigure.data.web.SpringDataWebProperties'
2024-12-23 18:37:20 - Creating shared instance of singleton bean 'pageModule'
2024-12-23 18:37:20 - Autowiring by type from bean name 'jacksonObjectMapperBuilder' via factory method to bean named 'org.springframework.web.context.support.GenericWebApplicationContext@36c54a56'
2024-12-23 18:37:20 - Autowiring by type from bean name 'jacksonObjectMapperBuilder' via factory method to bean named 'standardJacksonObjectMapperBuilderCustomizer'
2024-12-23 18:37:20 - Autowiring by type from bean name 'jacksonObjectMapper' via factory method to bean named 'jacksonObjectMapperBuilder'
2024-12-23 18:37:20 - Autowiring by type from bean name 'mappingJackson2HttpMessageConverter' via factory method to bean named 'jacksonObjectMapper'
2024-12-23 18:37:20 - Creating shared instance of singleton bean 'resourceHandlerMapping'
2024-12-23 18:37:20 - Autowiring by type from bean name 'resourceHandlerMapping' via factory method to bean named 'mvcContentNegotiationManager'
2024-12-23 18:37:20 - Autowiring by type from bean name 'resourceHandlerMapping' via factory method to bean named 'mvcConversionService'
2024-12-23 18:37:20 - Autowiring by type from bean name 'resourceHandlerMapping' via factory method to bean named 'mvcResourceUrlProvider'
2024-12-23 18:37:20 - Default resource handling disabled
2024-12-23 18:37:20 - Creating shared instance of singleton bean 'defaultServletHandlerMapping'
2024-12-23 18:37:20 - Creating shared instance of singleton bean 'webEndpointServletHandlerMapping'
2024-12-23 18:37:20 - Creating shared instance of singleton bean 'org.springframework.boot.actuate.autoconfigure.endpoint.web.servlet.WebMvcEndpointManagementContextConfiguration'
2024-12-23 18:37:20 - Creating shared instance of singleton bean 'webEndpointDiscoverer'
2024-12-23 18:37:20 - Creating shared instance of singleton bean 'org.springframework.boot.actuate.autoconfigure.endpoint.web.WebEndpointAutoConfiguration'
2024-12-23 18:37:20 - Creating shared instance of singleton bean 'management.endpoints.web-org.springframework.boot.actuate.autoconfigure.endpoint.web.WebEndpointProperties'
2024-12-23 18:37:20 - Autowiring by type from bean name 'org.springframework.boot.actuate.autoconfigure.endpoint.web.WebEndpointAutoConfiguration' via constructor to bean named 'org.springframework.web.context.support.GenericWebApplicationContext@36c54a56'
2024-12-23 18:37:20 - Autowiring by type from bean name 'org.springframework.boot.actuate.autoconfigure.endpoint.web.WebEndpointAutoConfiguration' via constructor to bean named 'management.endpoints.web-org.springframework.boot.actuate.autoconfigure.endpoint.web.WebEndpointProperties'
2024-12-23 18:37:20 - Creating shared instance of singleton bean 'endpointOperationParameterMapper'
2024-12-23 18:37:20 - Creating shared instance of singleton bean 'org.springframework.boot.actuate.autoconfigure.endpoint.EndpointAutoConfiguration'
2024-12-23 18:37:20 - Creating shared instance of singleton bean 'endpointMediaTypes'
2024-12-23 18:37:20 - Autowiring by type from bean name 'webEndpointDiscoverer' via factory method to bean named 'endpointOperationParameterMapper'
2024-12-23 18:37:20 - Autowiring by type from bean name 'webEndpointDiscoverer' via factory method to bean named 'endpointMediaTypes'
2024-12-23 18:37:20 - Creating shared instance of singleton bean 'webEndpointPathMapper'
2024-12-23 18:37:20 - Creating shared instance of singleton bean 'endpointCachingOperationInvokerAdvisor'
2024-12-23 18:37:20 - Autowiring by type from bean name 'endpointCachingOperationInvokerAdvisor' via factory method to bean named 'environment'
2024-12-23 18:37:20 - Creating shared instance of singleton bean 'webExposeExcludePropertyEndpointFilter'
2024-12-23 18:37:20 - Creating shared instance of singleton bean 'webAccessPropertiesOperationFilter'
2024-12-23 18:37:20 - Creating shared instance of singleton bean 'propertiesEndpointAccessResolver'
2024-12-23 18:37:20 - Autowiring by type from bean name 'propertiesEndpointAccessResolver' via factory method to bean named 'environment'
2024-12-23 18:37:20 - Autowiring by type from bean name 'webAccessPropertiesOperationFilter' via factory method to bean named 'propertiesEndpointAccessResolver'
2024-12-23 18:37:20 - Creating shared instance of singleton bean 'servletEndpointDiscoverer'
2024-12-23 18:37:20 - Creating shared instance of singleton bean 'org.springframework.boot.actuate.autoconfigure.endpoint.web.WebEndpointAutoConfiguration$WebEndpointServletConfiguration'
2024-12-23 18:37:20 - Autowiring by type from bean name 'servletEndpointDiscoverer' via factory method to bean named 'org.springframework.web.context.support.GenericWebApplicationContext@36c54a56'
2024-12-23 18:37:20 - Creating shared instance of singleton bean 'servletExposeExcludePropertyEndpointFilter'
2024-12-23 18:37:20 - Creating shared instance of singleton bean 'org.springframework.boot.actuate.autoconfigure.endpoint.web.ServletEndpointManagementContextConfiguration'
2024-12-23 18:37:20 - Autowiring by type from bean name 'servletExposeExcludePropertyEndpointFilter' via factory method to bean named 'management.endpoints.web-org.springframework.boot.actuate.autoconfigure.endpoint.web.WebEndpointProperties'
2024-12-23 18:37:20 - Creating shared instance of singleton bean 'controllerEndpointDiscoverer'
2024-12-23 18:37:20 - Creating shared instance of singleton bean 'controllerExposeExcludePropertyEndpointFilter'
2024-12-23 18:37:20 - Creating shared instance of singleton bean 'management.endpoints.web.cors-org.springframework.boot.actuate.autoconfigure.endpoint.web.CorsEndpointProperties'
2024-12-23 18:37:20 - Autowiring by type from bean name 'webEndpointServletHandlerMapping' via factory method to bean named 'webEndpointDiscoverer'
2024-12-23 18:37:20 - Autowiring by type from bean name 'webEndpointServletHandlerMapping' via factory method to bean named 'servletEndpointDiscoverer'
2024-12-23 18:37:20 - Autowiring by type from bean name 'webEndpointServletHandlerMapping' via factory method to bean named 'controllerEndpointDiscoverer'
2024-12-23 18:37:20 - Autowiring by type from bean name 'webEndpointServletHandlerMapping' via factory method to bean named 'endpointMediaTypes'
2024-12-23 18:37:20 - Autowiring by type from bean name 'webEndpointServletHandlerMapping' via factory method to bean named 'management.endpoints.web.cors-org.springframework.boot.actuate.autoconfigure.endpoint.web.CorsEndpointProperties'
2024-12-23 18:37:20 - Autowiring by type from bean name 'webEndpointServletHandlerMapping' via factory method to bean named 'management.endpoints.web-org.springframework.boot.actuate.autoconfigure.endpoint.web.WebEndpointProperties'
2024-12-23 18:37:20 - Autowiring by type from bean name 'webEndpointServletHandlerMapping' via factory method to bean named 'environment'
2024-12-23 18:37:20 - Creating shared instance of singleton bean 'mappingsEndpoint'
2024-12-23 18:37:20 - Creating shared instance of singleton bean 'org.springframework.boot.actuate.autoconfigure.web.mappings.MappingsEndpointAutoConfiguration'
2024-12-23 18:37:20 - Autowiring by type from bean name 'mappingsEndpoint' via factory method to bean named 'org.springframework.web.context.support.GenericWebApplicationContext@36c54a56'
2024-12-23 18:37:20 - Creating shared instance of singleton bean 'dispatcherServletMappingDescriptionProvider'
2024-12-23 18:37:20 - Creating shared instance of singleton bean 'org.springframework.boot.actuate.autoconfigure.web.mappings.MappingsEndpointAutoConfiguration$ServletWebConfiguration$SpringMvcConfiguration'
2024-12-23 18:37:20 - Creating shared instance of singleton bean 'servletMappingDescriptionProvider'
2024-12-23 18:37:20 - Creating shared instance of singleton bean 'org.springframework.boot.actuate.autoconfigure.web.mappings.MappingsEndpointAutoConfiguration$ServletWebConfiguration'
2024-12-23 18:37:20 - Creating shared instance of singleton bean 'filterMappingDescriptionProvider'
2024-12-23 18:37:20 - Exposing 1 endpoint beneath base path '/actuator'
2024-12-23 18:37:20 - Creating shared instance of singleton bean 'controllerEndpointHandlerMapping'
2024-12-23 18:37:20 - Autowiring by type from bean name 'controllerEndpointHandlerMapping' via factory method to bean named 'controllerEndpointDiscoverer'
2024-12-23 18:37:20 - Autowiring by type from bean name 'controllerEndpointHandlerMapping' via factory method to bean named 'management.endpoints.web.cors-org.springframework.boot.actuate.autoconfigure.endpoint.web.CorsEndpointProperties'
2024-12-23 18:37:20 - Autowiring by type from bean name 'controllerEndpointHandlerMapping' via factory method to bean named 'management.endpoints.web-org.springframework.boot.actuate.autoconfigure.endpoint.web.WebEndpointProperties'
2024-12-23 18:37:20 - Autowiring by type from bean name 'controllerEndpointHandlerMapping' via factory method to bean named 'propertiesEndpointAccessResolver'
2024-12-23 18:37:20 - Creating shared instance of singleton bean 'authenticationManagerPostProcessor'
2024-12-23 18:37:20 - Creating shared instance of singleton bean 'observationRegistry'
2024-12-23 18:37:20 - Creating shared instance of singleton bean 'org.springframework.boot.actuate.autoconfigure.observation.ObservationAutoConfiguration'
2024-12-23 18:37:20 - Creating shared instance of singleton bean 'propertiesObservationFilter'
2024-12-23 18:37:20 - Creating shared instance of singleton bean 'management.observations-org.springframework.boot.actuate.autoconfigure.observation.ObservationProperties'
2024-12-23 18:37:20 - Autowiring by type from bean name 'propertiesObservationFilter' via factory method to bean named 'management.observations-org.springframework.boot.actuate.autoconfigure.observation.ObservationProperties'
2024-12-23 18:37:20 - Creating shared instance of singleton bean 'metricsObservationHandlerGrouping'
2024-12-23 18:37:20 - Creating shared instance of singleton bean 'org.springframework.boot.actuate.autoconfigure.observation.ObservationAutoConfiguration$OnlyMetricsConfiguration'
2024-12-23 18:37:20 - Creating shared instance of singleton bean 'defaultMeterObservationHandler'
2024-12-23 18:37:20 - Creating shared instance of singleton bean 'org.springframework.boot.actuate.autoconfigure.observation.ObservationAutoConfiguration$MeterObservationHandlerConfiguration$OnlyMetricsMeterObservationHandlerConfiguration'
2024-12-23 18:37:20 - Creating shared instance of singleton bean 'simpleMeterRegistry'
2024-12-23 18:37:20 - Creating shared instance of singleton bean 'org.springframework.boot.actuate.autoconfigure.metrics.export.simple.SimpleMetricsExportAutoConfiguration'
2024-12-23 18:37:20 - Creating shared instance of singleton bean 'simpleConfig'
2024-12-23 18:37:20 - Creating shared instance of singleton bean 'management.simple.metrics.export-org.springframework.boot.actuate.autoconfigure.metrics.export.simple.SimpleProperties'
2024-12-23 18:37:20 - Autowiring by type from bean name 'simpleConfig' via factory method to bean named 'management.simple.metrics.export-org.springframework.boot.actuate.autoconfigure.metrics.export.simple.SimpleProperties'
2024-12-23 18:37:20 - Creating shared instance of singleton bean 'micrometerClock'
2024-12-23 18:37:20 - Creating shared instance of singleton bean 'org.springframework.boot.actuate.autoconfigure.metrics.MetricsAutoConfiguration'
2024-12-23 18:37:20 - Autowiring by type from bean name 'simpleMeterRegistry' via factory method to bean named 'simpleConfig'
2024-12-23 18:37:20 - Autowiring by type from bean name 'simpleMeterRegistry' via factory method to bean named 'micrometerClock'
2024-12-23 18:37:20 - Creating shared instance of singleton bean 'propertiesMeterFilter'
2024-12-23 18:37:20 - Autowiring by type from bean name 'propertiesMeterFilter' via factory method to bean named 'management.metrics-org.springframework.boot.actuate.autoconfigure.metrics.MetricsProperties'
2024-12-23 18:37:20 - Creating shared instance of singleton bean 'metricsHttpClientUriTagFilter'
2024-12-23 18:37:20 - Creating shared instance of singleton bean 'org.springframework.boot.actuate.autoconfigure.observation.web.client.HttpClientObservationsAutoConfiguration$MeterFilterConfiguration'
2024-12-23 18:37:20 - Autowiring by type from bean name 'metricsHttpClientUriTagFilter' via factory method to bean named 'management.observations-org.springframework.boot.actuate.autoconfigure.observation.ObservationProperties'
2024-12-23 18:37:20 - Autowiring by type from bean name 'metricsHttpClientUriTagFilter' via factory method to bean named 'management.metrics-org.springframework.boot.actuate.autoconfigure.metrics.MetricsProperties'
2024-12-23 18:37:20 - Creating shared instance of singleton bean 'metricsHttpServerUriTagFilter'
2024-12-23 18:37:20 - Creating shared instance of singleton bean 'org.springframework.boot.actuate.autoconfigure.observation.web.servlet.WebMvcObservationAutoConfiguration$MeterFilterConfiguration'
2024-12-23 18:37:20 - Autowiring by type from bean name 'metricsHttpServerUriTagFilter' via factory method to bean named 'management.observations-org.springframework.boot.actuate.autoconfigure.observation.ObservationProperties'
2024-12-23 18:37:20 - Autowiring by type from bean name 'metricsHttpServerUriTagFilter' via factory method to bean named 'management.metrics-org.springframework.boot.actuate.autoconfigure.metrics.MetricsProperties'
2024-12-23 18:37:20 - Autowiring by type from bean name 'defaultMeterObservationHandler' via factory method to bean named 'simpleMeterRegistry'
2024-12-23 18:37:20 - Autowiring by type from bean name 'defaultMeterObservationHandler' via factory method to bean named 'management.observations-org.springframework.boot.actuate.autoconfigure.observation.ObservationProperties'
2024-12-23 18:37:20 - Creating shared instance of singleton bean 'org.springframework.boot.autoconfigure.context.PropertyPlaceholderAutoConfiguration'
2024-12-23 18:37:20 - Creating shared instance of singleton bean 'org.springframework.boot.autoconfigure.ssl.SslAutoConfiguration'
2024-12-23 18:37:20 - Creating shared instance of singleton bean 'spring.ssl-org.springframework.boot.autoconfigure.ssl.SslProperties'
2024-12-23 18:37:20 - Autowiring by type from bean name 'org.springframework.boot.autoconfigure.ssl.SslAutoConfiguration' via constructor to bean named 'org.springframework.web.context.support.GenericWebApplicationContext@36c54a56'
2024-12-23 18:37:20 - Autowiring by type from bean name 'org.springframework.boot.autoconfigure.ssl.SslAutoConfiguration' via constructor to bean named 'spring.ssl-org.springframework.boot.autoconfigure.ssl.SslProperties'
2024-12-23 18:37:20 - Creating shared instance of singleton bean 'fileWatcher'
2024-12-23 18:37:20 - Creating shared instance of singleton bean 'sslPropertiesSslBundleRegistrar'
2024-12-23 18:37:20 - Autowiring by type from bean name 'sslPropertiesSslBundleRegistrar' via factory method to bean named 'fileWatcher'
2024-12-23 18:37:20 - Creating shared instance of singleton bean 'sslBundleRegistry'
2024-12-23 18:37:20 - Creating shared instance of singleton bean 'org.springframework.boot.context.properties.EnableConfigurationPropertiesRegistrar.methodValidationExcludeFilter'
2024-12-23 18:37:20 - Creating shared instance of singleton bean 'org.springframework.boot.autoconfigure.websocket.servlet.WebSocketServletAutoConfiguration$TomcatWebSocketConfiguration'
2024-12-23 18:37:20 - Creating shared instance of singleton bean 'websocketServletWebServerCustomizer'
2024-12-23 18:37:20 - Creating shared instance of singleton bean 'org.springframework.boot.autoconfigure.websocket.servlet.WebSocketServletAutoConfiguration'
2024-12-23 18:37:20 - Creating shared instance of singleton bean 'org.springframework.boot.autoconfigure.web.servlet.ServletWebServerFactoryConfiguration$EmbeddedTomcat'
2024-12-23 18:37:20 - Creating shared instance of singleton bean 'tomcatServletWebServerFactory'
2024-12-23 18:37:20 - Creating shared instance of singleton bean 'servletWebServerFactoryCustomizer'
2024-12-23 18:37:20 - Creating shared instance of singleton bean 'org.springframework.boot.autoconfigure.web.servlet.ServletWebServerFactoryAutoConfiguration'
2024-12-23 18:37:20 - Creating shared instance of singleton bean 'server-org.springframework.boot.autoconfigure.web.ServerProperties'
2024-12-23 18:37:20 - Autowiring by type from bean name 'servletWebServerFactoryCustomizer' via factory method to bean named 'server-org.springframework.boot.autoconfigure.web.ServerProperties'
2024-12-23 18:37:20 - Creating shared instance of singleton bean 'tomcatServletWebServerFactoryCustomizer'
2024-12-23 18:37:20 - Autowiring by type from bean name 'tomcatServletWebServerFactoryCustomizer' via factory method to bean named 'server-org.springframework.boot.autoconfigure.web.ServerProperties'
2024-12-23 18:37:20 - Creating shared instance of singleton bean 'localeCharsetMappingsCustomizer'
2024-12-23 18:37:20 - Creating shared instance of singleton bean 'org.springframework.boot.autoconfigure.web.servlet.HttpEncodingAutoConfiguration'
2024-12-23 18:37:20 - Autowiring by type from bean name 'org.springframework.boot.autoconfigure.web.servlet.HttpEncodingAutoConfiguration' via constructor to bean named 'server-org.springframework.boot.autoconfigure.web.ServerProperties'
2024-12-23 18:37:20 - Creating shared instance of singleton bean 'errorPageCustomizer'
2024-12-23 18:37:20 - Creating shared instance of singleton bean 'org.springframework.boot.autoconfigure.web.servlet.error.ErrorMvcAutoConfiguration'
2024-12-23 18:37:20 - Autowiring by type from bean name 'org.springframework.boot.autoconfigure.web.servlet.error.ErrorMvcAutoConfiguration' via constructor to bean named 'server-org.springframework.boot.autoconfigure.web.ServerProperties'
2024-12-23 18:37:20 - Creating shared instance of singleton bean 'dispatcherServletRegistration'
2024-12-23 18:37:20 - Creating shared instance of singleton bean 'org.springframework.boot.autoconfigure.web.servlet.DispatcherServletAutoConfiguration$DispatcherServletRegistrationConfiguration'
2024-12-23 18:37:20 - Creating shared instance of singleton bean 'dispatcherServlet'
2024-12-23 18:37:20 - Creating shared instance of singleton bean 'org.springframework.boot.autoconfigure.web.servlet.DispatcherServletAutoConfiguration$DispatcherServletConfiguration'
2024-12-23 18:37:20 - Autowiring by type from bean name 'dispatcherServlet' via factory method to bean named 'spring.mvc-org.springframework.boot.autoconfigure.web.servlet.WebMvcProperties'
2024-12-23 18:37:20 - Autowiring by type from bean name 'dispatcherServletRegistration' via factory method to bean named 'dispatcherServlet'
2024-12-23 18:37:20 - Autowiring by type from bean name 'dispatcherServletRegistration' via factory method to bean named 'spring.mvc-org.springframework.boot.autoconfigure.web.servlet.WebMvcProperties'
2024-12-23 18:37:20 - Creating shared instance of singleton bean 'multipartConfigElement'
2024-12-23 18:37:20 - Creating shared instance of singleton bean 'org.springframework.boot.autoconfigure.web.servlet.MultipartAutoConfiguration'
2024-12-23 18:37:20 - Creating shared instance of singleton bean 'spring.servlet.multipart-org.springframework.boot.autoconfigure.web.servlet.MultipartProperties'
2024-12-23 18:37:20 - Autowiring by type from bean name 'org.springframework.boot.autoconfigure.web.servlet.MultipartAutoConfiguration' via constructor to bean named 'spring.servlet.multipart-org.springframework.boot.autoconfigure.web.servlet.MultipartProperties'
2024-12-23 18:37:20 - Autowiring by type from bean name 'errorPageCustomizer' via factory method to bean named 'dispatcherServletRegistration'
2024-12-23 18:37:20 - Creating shared instance of singleton bean 'org.springframework.boot.autoconfigure.web.servlet.DispatcherServletAutoConfiguration'
2024-12-23 18:37:20 - Creating shared instance of singleton bean 'org.springframework.boot.autoconfigure.task.TaskExecutorConfigurations$ThreadPoolTaskExecutorBuilderConfiguration'
2024-12-23 18:37:20 - Creating shared instance of singleton bean 'threadPoolTaskExecutorBuilder'
2024-12-23 18:37:20 - Creating shared instance of singleton bean 'spring.task.execution-org.springframework.boot.autoconfigure.task.TaskExecutionProperties'
2024-12-23 18:37:20 - Autowiring by type from bean name 'threadPoolTaskExecutorBuilder' via factory method to bean named 'spring.task.execution-org.springframework.boot.autoconfigure.task.TaskExecutionProperties'
2024-12-23 18:37:20 - Creating shared instance of singleton bean 'org.springframework.boot.autoconfigure.task.TaskExecutorConfigurations$SimpleAsyncTaskExecutorBuilderConfiguration'
2024-12-23 18:37:20 - Autowiring by type from bean name 'org.springframework.boot.autoconfigure.task.TaskExecutorConfigurations$SimpleAsyncTaskExecutorBuilderConfiguration' via constructor to bean named 'spring.task.execution-org.springframework.boot.autoconfigure.task.TaskExecutionProperties'
2024-12-23 18:37:20 - Creating shared instance of singleton bean 'simpleAsyncTaskExecutorBuilder'
2024-12-23 18:37:20 - Creating shared instance of singleton bean 'org.springframework.boot.autoconfigure.task.TaskExecutorConfigurations$TaskExecutorConfiguration'
2024-12-23 18:37:20 - Creating shared instance of singleton bean 'org.springframework.boot.autoconfigure.task.TaskExecutionAutoConfiguration'
2024-12-23 18:37:20 - Creating shared instance of singleton bean 'org.springframework.boot.autoconfigure.web.servlet.error.ErrorMvcAutoConfiguration$WhitelabelErrorViewConfiguration'
2024-12-23 18:37:20 - Creating shared instance of singleton bean 'error'
2024-12-23 18:37:20 - Creating shared instance of singleton bean 'beanNameViewResolver'
2024-12-23 18:37:20 - Creating shared instance of singleton bean 'org.springframework.boot.autoconfigure.web.servlet.error.ErrorMvcAutoConfiguration$DefaultErrorViewResolverConfiguration'
2024-12-23 18:37:20 - Autowiring by type from bean name 'org.springframework.boot.autoconfigure.web.servlet.error.ErrorMvcAutoConfiguration$DefaultErrorViewResolverConfiguration' via constructor to bean named 'org.springframework.web.context.support.GenericWebApplicationContext@36c54a56'
2024-12-23 18:37:20 - Autowiring by type from bean name 'org.springframework.boot.autoconfigure.web.servlet.error.ErrorMvcAutoConfiguration$DefaultErrorViewResolverConfiguration' via constructor to bean named 'spring.web-org.springframework.boot.autoconfigure.web.WebProperties'
2024-12-23 18:37:20 - Creating shared instance of singleton bean 'conventionErrorViewResolver'
2024-12-23 18:37:20 - Creating shared instance of singleton bean 'errorAttributes'
2024-12-23 18:37:20 - Creating shared instance of singleton bean 'basicErrorController'
2024-12-23 18:37:20 - Autowiring by type from bean name 'basicErrorController' via factory method to bean named 'errorAttributes'
2024-12-23 18:37:20 - Creating shared instance of singleton bean 'localeResolver'
2024-12-23 18:37:20 - Creating shared instance of singleton bean 'themeResolver'
2024-12-23 18:37:20 - Creating shared instance of singleton bean 'flashMapManager'
2024-12-23 18:37:20 - Creating shared instance of singleton bean 'viewNameTranslator'
2024-12-23 18:37:20 - Creating shared instance of singleton bean 'mvcValidator'
2024-12-23 18:37:20 - Creating shared instance of singleton bean 'mvcPatternParser'
2024-12-23 18:37:20 - Creating shared instance of singleton bean 'mvcUrlPathHelper'
2024-12-23 18:37:20 - Creating shared instance of singleton bean 'mvcPathMatcher'
2024-12-23 18:37:20 - Creating shared instance of singleton bean 'requestMappingHandlerAdapter'
2024-12-23 18:37:20 - Autowiring by type from bean name 'requestMappingHandlerAdapter' via factory method to bean named 'mvcContentNegotiationManager'
2024-12-23 18:37:20 - Autowiring by type from bean name 'requestMappingHandlerAdapter' via factory method to bean named 'mvcConversionService'
2024-12-23 18:37:20 - Autowiring by type from bean name 'requestMappingHandlerAdapter' via factory method to bean named 'mvcValidator'
2024-12-23 18:37:20 - Creating shared instance of singleton bean 'sortResolver'
2024-12-23 18:37:20 - Creating shared instance of singleton bean 'sortCustomizer'
2024-12-23 18:37:20 - Creating shared instance of singleton bean 'pageableResolver'
2024-12-23 18:37:20 - Creating shared instance of singleton bean 'pageableCustomizer'
2024-12-23 18:37:20 - Creating shared instance of singleton bean 'applicationTaskExecutor'
2024-12-23 18:37:20 - Autowiring by type from bean name 'applicationTaskExecutor' via factory method to bean named 'threadPoolTaskExecutorBuilder'
2024-12-23 18:37:20 - ControllerAdvice beans: 0 @ModelAttribute, 0 @InitBinder, 1 RequestBodyAdvice, 1 ResponseBodyAdvice
2024-12-23 18:37:20 - Creating shared instance of singleton bean 'mvcViewResolver'
2024-12-23 18:37:20 - Autowiring by type from bean name 'mvcViewResolver' via factory method to bean named 'mvcContentNegotiationManager'
2024-12-23 18:37:20 - Creating shared instance of singleton bean 'defaultViewResolver'
2024-12-23 18:37:20 - Creating shared instance of singleton bean 'viewResolver'
2024-12-23 18:37:20 - Autowiring by type from bean name 'viewResolver' via factory method to bean named 'org.springframework.beans.factory.support.DefaultListableBeanFactory@a567e72'
2024-12-23 18:37:20 - Creating shared instance of singleton bean 'viewResolver'
2024-12-23 18:37:20 - Creating shared instance of singleton bean 'handlerFunctionAdapter'
2024-12-23 18:37:20 - Creating shared instance of singleton bean 'mvcUriComponentsContributor'
2024-12-23 18:37:20 - Autowiring by type from bean name 'mvcUriComponentsContributor' via factory method to bean named 'mvcConversionService'
2024-12-23 18:37:20 - Autowiring by type from bean name 'mvcUriComponentsContributor' via factory method to bean named 'requestMappingHandlerAdapter'
2024-12-23 18:37:20 - Creating shared instance of singleton bean 'httpRequestHandlerAdapter'
2024-12-23 18:37:20 - Creating shared instance of singleton bean 'simpleControllerHandlerAdapter'
2024-12-23 18:37:20 - Creating shared instance of singleton bean 'handlerExceptionResolver'
2024-12-23 18:37:20 - Autowiring by type from bean name 'handlerExceptionResolver' via factory method to bean named 'mvcContentNegotiationManager'
2024-12-23 18:37:20 - ControllerAdvice beans: 0 @ExceptionHandler, 1 ResponseBodyAdvice
2024-12-23 18:37:20 - Creating shared instance of singleton bean 'requestContextFilter'
2024-12-23 18:37:20 - Creating shared instance of singleton bean 'org.springframework.boot.autoconfigure.web.servlet.WebMvcAutoConfiguration'
2024-12-23 18:37:20 - Creating shared instance of singleton bean 'formContentFilter'
2024-12-23 18:37:20 - Creating shared instance of singleton bean 'org.springframework.boot.autoconfigure.availability.ApplicationAvailabilityAutoConfiguration'
2024-12-23 18:37:20 - Creating shared instance of singleton bean 'applicationAvailability'
2024-12-23 18:37:20 - Creating shared instance of singleton bean 'org.springframework.boot.actuate.autoconfigure.availability.AvailabilityHealthContributorAutoConfiguration'
2024-12-23 18:37:20 - Creating shared instance of singleton bean 'org.springframework.boot.autoconfigure.transaction.jta.JtaAutoConfiguration'
2024-12-23 18:37:20 - Creating shared instance of singleton bean 'org.springframework.boot.autoconfigure.jdbc.metadata.DataSourcePoolMetadataProvidersConfiguration'
2024-12-23 18:37:20 - Creating shared instance of singleton bean 'org.springframework.boot.autoconfigure.jdbc.DataSourceAutoConfiguration'
2024-12-23 18:37:20 - Creating shared instance of singleton bean 'org.springframework.boot.autoconfigure.transaction.TransactionManagerCustomizationAutoConfiguration'
2024-12-23 18:37:20 - Creating shared instance of singleton bean 'platformTransactionManagerCustomizers'
2024-12-23 18:37:20 - Creating shared instance of singleton bean 'transactionExecutionListeners'
2024-12-23 18:37:20 - Creating shared instance of singleton bean 'spring.transaction-org.springframework.boot.autoconfigure.transaction.TransactionProperties'
2024-12-23 18:37:20 - Creating shared instance of singleton bean 'org.springframework.boot.autoconfigure.orm.jpa.JpaBaseConfiguration$PersistenceManagedTypesConfiguration'
2024-12-23 18:37:20 - Creating shared instance of singleton bean 'transactionManager'
2024-12-23 18:37:20 - Creating shared instance of singleton bean 'org.springframework.boot.autoconfigure.orm.jpa.HibernateJpaAutoConfiguration'
2024-12-23 18:37:20 - Creating shared instance of singleton bean 'org.springframework.boot.autoconfigure.info.ProjectInfoAutoConfiguration'
2024-12-23 18:37:20 - Creating shared instance of singleton bean 'spring.info-org.springframework.boot.autoconfigure.info.ProjectInfoProperties'
2024-12-23 18:37:20 - Autowiring by type from bean name 'org.springframework.boot.autoconfigure.info.ProjectInfoAutoConfiguration' via constructor to bean named 'spring.info-org.springframework.boot.autoconfigure.info.ProjectInfoProperties'
2024-12-23 18:37:20 - Creating shared instance of singleton bean 'org.springframework.boot.actuate.autoconfigure.info.InfoContributorAutoConfiguration'
2024-12-23 18:37:20 - Creating shared instance of singleton bean 'management.health.ssl-org.springframework.boot.actuate.autoconfigure.ssl.SslHealthIndicatorProperties'
2024-12-23 18:37:20 - Creating shared instance of singleton bean 'management.info-org.springframework.boot.actuate.autoconfigure.info.InfoContributorProperties'
2024-12-23 18:37:20 - Creating shared instance of singleton bean 'org.springframework.boot.actuate.autoconfigure.web.servlet.ServletManagementContextAutoConfiguration'
2024-12-23 18:37:20 - Creating shared instance of singleton bean 'servletWebChildContextFactory'
2024-12-23 18:37:20 - Creating shared instance of singleton bean 'managementServletContext'
2024-12-23 18:37:20 - Autowiring by type from bean name 'managementServletContext' via factory method to bean named 'management.endpoints.web-org.springframework.boot.actuate.autoconfigure.endpoint.web.WebEndpointProperties'
2024-12-23 18:37:20 - Creating shared instance of singleton bean 'pathMappedEndpoints'
2024-12-23 18:37:20 - Autowiring by type from bean name 'pathMappedEndpoints' via factory method to bean named 'servletEndpointDiscoverer'
2024-12-23 18:37:20 - Autowiring by type from bean name 'pathMappedEndpoints' via factory method to bean named 'webEndpointDiscoverer'
2024-12-23 18:37:20 - Autowiring by type from bean name 'pathMappedEndpoints' via factory method to bean named 'controllerEndpointDiscoverer'
2024-12-23 18:37:20 - Creating shared instance of singleton bean 'org.springframework.boot.actuate.autoconfigure.ssl.SslHealthContributorAutoConfiguration'
2024-12-23 18:37:20 - Creating shared instance of singleton bean 'sslHealthIndicator'
2024-12-23 18:37:20 - Creating shared instance of singleton bean 'sslInfo'
2024-12-23 18:37:20 - Autowiring by type from bean name 'sslInfo' via factory method to bean named 'sslBundleRegistry'
2024-12-23 18:37:20 - Autowiring by type from bean name 'sslInfo' via factory method to bean named 'management.health.ssl-org.springframework.boot.actuate.autoconfigure.ssl.SslHealthIndicatorProperties'
2024-12-23 18:37:20 - Autowiring by type from bean name 'sslHealthIndicator' via factory method to bean named 'sslInfo'
2024-12-23 18:37:20 - Creating shared instance of singleton bean 'org.springframework.boot.actuate.autoconfigure.system.DiskSpaceHealthContributorAutoConfiguration'
2024-12-23 18:37:20 - Creating shared instance of singleton bean 'diskSpaceHealthIndicator'
2024-12-23 18:37:20 - Creating shared instance of singleton bean 'management.health.diskspace-org.springframework.boot.actuate.autoconfigure.system.DiskSpaceHealthIndicatorProperties'
2024-12-23 18:37:20 - Autowiring by type from bean name 'diskSpaceHealthIndicator' via factory method to bean named 'management.health.diskspace-org.springframework.boot.actuate.autoconfigure.system.DiskSpaceHealthIndicatorProperties'
2024-12-23 18:37:20 - Creating shared instance of singleton bean 'org.springframework.boot.actuate.autoconfigure.health.HealthContributorAutoConfiguration'
2024-12-23 18:37:20 - Creating shared instance of singleton bean 'pingHealthContributor'
2024-12-23 18:37:20 - Creating shared instance of singleton bean 'org.springframework.boot.actuate.autoconfigure.jdbc.DataSourceHealthContributorAutoConfiguration'
2024-12-23 18:37:20 - Creating shared instance of singleton bean 'dbHealthContributor'
2024-12-23 18:37:20 - Creating shared instance of singleton bean 'management.health.db-org.springframework.boot.actuate.autoconfigure.jdbc.DataSourceHealthIndicatorProperties'
2024-12-23 18:37:20 - Autowiring by type from bean name 'dbHealthContributor' via factory method to bean named 'dataSource'
2024-12-23 18:37:20 - Autowiring by type from bean name 'dbHealthContributor' via factory method to bean named 'management.health.db-org.springframework.boot.actuate.autoconfigure.jdbc.DataSourceHealthIndicatorProperties'
2024-12-23 18:37:20 - Creating shared instance of singleton bean 'meterRegistryCloser'
2024-12-23 18:37:20 - Creating shared instance of singleton bean 'org.springframework.boot.actuate.autoconfigure.metrics.CompositeMeterRegistryAutoConfiguration'
2024-12-23 18:37:20 - Creating shared instance of singleton bean 'org.springframework.boot.actuate.autoconfigure.metrics.JvmMetricsAutoConfiguration'
2024-12-23 18:37:20 - Creating shared instance of singleton bean 'jvmGcMetrics'
2024-12-23 18:37:20 - Creating shared instance of singleton bean 'jvmHeapPressureMetrics'
2024-12-23 18:37:20 - Creating shared instance of singleton bean 'jvmMemoryMetrics'
2024-12-23 18:37:20 - Creating shared instance of singleton bean 'jvmThreadMetrics'
2024-12-23 18:37:20 - Creating shared instance of singleton bean 'classLoaderMetrics'
2024-12-23 18:37:20 - Creating shared instance of singleton bean 'jvmInfoMetrics'
2024-12-23 18:37:20 - Creating shared instance of singleton bean 'jvmCompilationMetrics'
2024-12-23 18:37:20 - Creating shared instance of singleton bean 'org.springframework.boot.actuate.autoconfigure.metrics.LogbackMetricsAutoConfiguration'
2024-12-23 18:37:20 - Creating shared instance of singleton bean 'logbackMetrics'
2024-12-23 18:37:20 - Creating shared instance of singleton bean 'org.springframework.boot.actuate.autoconfigure.metrics.SystemMetricsAutoConfiguration'
2024-12-23 18:37:20 - Creating shared instance of singleton bean 'uptimeMetrics'
2024-12-23 18:37:20 - Creating shared instance of singleton bean 'processorMetrics'
2024-12-23 18:37:20 - Creating shared instance of singleton bean 'fileDescriptorMetrics'
2024-12-23 18:37:20 - Creating shared instance of singleton bean 'diskSpaceMetrics'
2024-12-23 18:37:20 - Autowiring by type from bean name 'diskSpaceMetrics' via factory method to bean named 'management.metrics-org.springframework.boot.actuate.autoconfigure.metrics.MetricsProperties'
2024-12-23 18:37:20 - Creating shared instance of singleton bean 'org.springframework.boot.actuate.autoconfigure.metrics.integration.IntegrationMetricsAutoConfiguration'
2024-12-23 18:37:20 - Creating shared instance of singleton bean 'org.springframework.boot.actuate.autoconfigure.metrics.jdbc.DataSourcePoolMetricsAutoConfiguration$HikariDataSourceMetricsConfiguration'
2024-12-23 18:37:20 - Creating shared instance of singleton bean 'hikariDataSourceMeterBinder'
2024-12-23 18:37:20 - Creating shared instance of singleton bean 'org.springframework.boot.actuate.autoconfigure.metrics.jdbc.DataSourcePoolMetricsAutoConfiguration$DataSourcePoolMetadataMetricsConfiguration'
2024-12-23 18:37:20 - Creating shared instance of singleton bean 'dataSourcePoolMetadataMeterBinder'
2024-12-23 18:37:20 - Autowiring by type from bean name 'dataSourcePoolMetadataMeterBinder' via factory method to bean named 'dataSource'
2024-12-23 18:37:20 - Creating shared instance of singleton bean 'org.springframework.boot.actuate.autoconfigure.metrics.jdbc.DataSourcePoolMetricsAutoConfiguration'
2024-12-23 18:37:20 - Creating shared instance of singleton bean 'org.springframework.boot.actuate.autoconfigure.metrics.startup.StartupTimeMetricsListenerAutoConfiguration'
2024-12-23 18:37:20 - Creating shared instance of singleton bean 'startupTimeMetrics'
2024-12-23 18:37:20 - Autowiring by type from bean name 'startupTimeMetrics' via factory method to bean named 'simpleMeterRegistry'
2024-12-23 18:37:20 - Creating shared instance of singleton bean 'org.springframework.boot.autoconfigure.task.TaskSchedulingConfigurations$ThreadPoolTaskSchedulerBuilderConfiguration'
2024-12-23 18:37:20 - Creating shared instance of singleton bean 'threadPoolTaskSchedulerBuilder'
2024-12-23 18:37:20 - Creating shared instance of singleton bean 'spring.task.scheduling-org.springframework.boot.autoconfigure.task.TaskSchedulingProperties'
2024-12-23 18:37:20 - Autowiring by type from bean name 'threadPoolTaskSchedulerBuilder' via factory method to bean named 'spring.task.scheduling-org.springframework.boot.autoconfigure.task.TaskSchedulingProperties'
2024-12-23 18:37:20 - Creating shared instance of singleton bean 'org.springframework.boot.autoconfigure.task.TaskSchedulingConfigurations$SimpleAsyncTaskSchedulerBuilderConfiguration'
2024-12-23 18:37:20 - Autowiring by type from bean name 'org.springframework.boot.autoconfigure.task.TaskSchedulingConfigurations$SimpleAsyncTaskSchedulerBuilderConfiguration' via constructor to bean named 'spring.task.scheduling-org.springframework.boot.autoconfigure.task.TaskSchedulingProperties'
2024-12-23 18:37:20 - Creating shared instance of singleton bean 'simpleAsyncTaskSchedulerBuilder'
2024-12-23 18:37:20 - Creating shared instance of singleton bean 'org.springframework.boot.autoconfigure.task.TaskSchedulingAutoConfiguration'
2024-12-23 18:37:20 - Creating shared instance of singleton bean 'org.springframework.boot.actuate.autoconfigure.metrics.task.TaskExecutorMetricsAutoConfiguration'
2024-12-23 18:37:20 - Creating shared instance of singleton bean 'eagerTaskExecutorMetrics'
2024-12-23 18:37:20 - Creating shared instance of singleton bean 'org.springframework.boot.actuate.autoconfigure.metrics.web.tomcat.TomcatMetricsAutoConfiguration'
2024-12-23 18:37:20 - Creating shared instance of singleton bean 'tomcatMetricsBinder'
2024-12-23 18:37:20 - Autowiring by type from bean name 'tomcatMetricsBinder' via factory method to bean named 'simpleMeterRegistry'
2024-12-23 18:37:20 - Creating shared instance of singleton bean 'org.springframework.boot.actuate.autoconfigure.observation.ObservationAutoConfiguration$ObservedAspectConfiguration'
2024-12-23 18:37:20 - Creating shared instance of singleton bean 'observedAspect'
2024-12-23 18:37:20 - Autowiring by type from bean name 'observedAspect' via factory method to bean named 'observationRegistry'
2024-12-23 18:37:20 - Creating shared instance of singleton bean 'org.springframework.boot.actuate.autoconfigure.observation.ObservationAutoConfiguration$MeterObservationHandlerConfiguration'
2024-12-23 18:37:20 - Creating shared instance of singleton bean 'org.springframework.boot.autoconfigure.http.JacksonHttpMessageConvertersConfiguration'
2024-12-23 18:37:20 - Creating shared instance of singleton bean 'org.springframework.boot.autoconfigure.http.GsonHttpMessageConvertersConfiguration'
2024-12-23 18:37:20 - Creating shared instance of singleton bean 'org.springframework.boot.autoconfigure.http.client.HttpClientAutoConfiguration'
2024-12-23 18:37:20 - Creating shared instance of singleton bean 'clientHttpRequestFactoryBuilder'
2024-12-23 18:37:20 - Creating shared instance of singleton bean 'spring.http.client-org.springframework.boot.autoconfigure.http.client.HttpClientProperties'
2024-12-23 18:37:20 - Autowiring by type from bean name 'clientHttpRequestFactoryBuilder' via factory method to bean named 'spring.http.client-org.springframework.boot.autoconfigure.http.client.HttpClientProperties'
2024-12-23 18:37:20 - Creating shared instance of singleton bean 'clientHttpRequestFactorySettings'
2024-12-23 18:37:20 - Autowiring by type from bean name 'clientHttpRequestFactorySettings' via factory method to bean named 'spring.http.client-org.springframework.boot.autoconfigure.http.client.HttpClientProperties'
2024-12-23 18:37:20 - Creating shared instance of singleton bean 'org.springframework.boot.autoconfigure.web.client.RestClientAutoConfiguration'
2024-12-23 18:37:20 - Creating shared instance of singleton bean 'httpMessageConvertersRestClientCustomizer'
2024-12-23 18:37:20 - Creating shared instance of singleton bean 'restClientSsl'
2024-12-23 18:37:20 - Autowiring by type from bean name 'restClientSsl' via factory method to bean named 'sslBundleRegistry'
2024-12-23 18:37:20 - Creating shared instance of singleton bean 'restClientBuilderConfigurer'
2024-12-23 18:37:20 - Creating shared instance of singleton bean 'observationRestClientCustomizer'
2024-12-23 18:37:20 - Creating shared instance of singleton bean 'org.springframework.boot.actuate.autoconfigure.observation.web.client.RestClientObservationConfiguration'
2024-12-23 18:37:20 - Autowiring by type from bean name 'observationRestClientCustomizer' via factory method to bean named 'observationRegistry'
2024-12-23 18:37:20 - Autowiring by type from bean name 'observationRestClientCustomizer' via factory method to bean named 'management.observations-org.springframework.boot.actuate.autoconfigure.observation.ObservationProperties'
2024-12-23 18:37:20 - Creating shared instance of singleton bean 'org.springframework.boot.autoconfigure.web.client.RestTemplateAutoConfiguration'
2024-12-23 18:37:20 - Creating shared instance of singleton bean 'org.springframework.boot.actuate.autoconfigure.observation.web.client.RestTemplateObservationConfiguration'
2024-12-23 18:37:20 - Creating shared instance of singleton bean 'observationRestTemplateCustomizer'
2024-12-23 18:37:20 - Autowiring by type from bean name 'observationRestTemplateCustomizer' via factory method to bean named 'observationRegistry'
2024-12-23 18:37:20 - Autowiring by type from bean name 'observationRestTemplateCustomizer' via factory method to bean named 'management.observations-org.springframework.boot.actuate.autoconfigure.observation.ObservationProperties'
2024-12-23 18:37:20 - Creating shared instance of singleton bean 'org.springframework.boot.actuate.autoconfigure.observation.web.client.HttpClientObservationsAutoConfiguration'
2024-12-23 18:37:20 - Creating shared instance of singleton bean 'org.springframework.boot.actuate.autoconfigure.observation.web.servlet.WebMvcObservationAutoConfiguration'
2024-12-23 18:37:20 - Creating shared instance of singleton bean 'webMvcObservationFilter'
2024-12-23 18:37:20 - Autowiring by type from bean name 'webMvcObservationFilter' via factory method to bean named 'observationRegistry'
2024-12-23 18:37:20 - Autowiring by type from bean name 'webMvcObservationFilter' via factory method to bean named 'management.observations-org.springframework.boot.actuate.autoconfigure.observation.ObservationProperties'
2024-12-23 18:37:20 - Creating shared instance of singleton bean 'org.springframework.boot.actuate.autoconfigure.scheduling.ScheduledTasksObservabilityAutoConfiguration'
2024-12-23 18:37:20 - Creating shared instance of singleton bean 'observabilitySchedulingConfigurer'
2024-12-23 18:37:20 - Autowiring by type from bean name 'observabilitySchedulingConfigurer' via factory method to bean named 'observationRegistry'
2024-12-23 18:37:20 - Creating shared instance of singleton bean 'org.springframework.boot.autoconfigure.aop.AopAutoConfiguration$AspectJAutoProxyingConfiguration$CglibAutoProxyConfiguration'
2024-12-23 18:37:20 - Creating shared instance of singleton bean 'org.springframework.boot.autoconfigure.aop.AopAutoConfiguration$AspectJAutoProxyingConfiguration'
2024-12-23 18:37:20 - Creating shared instance of singleton bean 'org.springframework.boot.autoconfigure.aop.AopAutoConfiguration'
2024-12-23 18:37:20 - Creating shared instance of singleton bean 'org.springframework.boot.autoconfigure.context.ConfigurationPropertiesAutoConfiguration'
2024-12-23 18:37:20 - Creating shared instance of singleton bean 'org.springframework.boot.autoconfigure.context.LifecycleAutoConfiguration'
2024-12-23 18:37:20 - Creating shared instance of singleton bean 'lifecycleProcessor'
2024-12-23 18:37:20 - Creating shared instance of singleton bean 'spring.lifecycle-org.springframework.boot.autoconfigure.context.LifecycleProperties'
2024-12-23 18:37:20 - Autowiring by type from bean name 'lifecycleProcessor' via factory method to bean named 'spring.lifecycle-org.springframework.boot.autoconfigure.context.LifecycleProperties'
2024-12-23 18:37:20 - Creating shared instance of singleton bean 'org.springframework.boot.autoconfigure.dao.PersistenceExceptionTranslationAutoConfiguration'
2024-12-23 18:37:20 - Creating shared instance of singleton bean 'org.springframework.boot.autoconfigure.data.jpa.JpaRepositoriesAutoConfiguration'
2024-12-23 18:37:20 - Creating shared instance of singleton bean 'org.springframework.data.jpa.util.JpaMetamodelCacheCleanup'
2024-12-23 18:37:20 - Creating shared instance of singleton bean 'org.springframework.data.jpa.repository.support.JpaEvaluationContextExtension'
2024-12-23 18:37:20 - Creating shared instance of singleton bean 'data-jpa.repository-aot-processor#0'
2024-12-23 18:37:20 - Creating shared instance of singleton bean 'org.springframework.data.web.config.ProjectingArgumentResolverRegistrar'
2024-12-23 18:37:20 - Creating shared instance of singleton bean 'offsetResolver'
2024-12-23 18:37:20 - Creating shared instance of singleton bean 'org.springframework.boot.autoconfigure.jdbc.JdbcTemplateConfiguration'
2024-12-23 18:37:20 - Creating shared instance of singleton bean 'jdbcTemplate'
2024-12-23 18:37:20 - Creating shared instance of singleton bean 'spring.jdbc-org.springframework.boot.autoconfigure.jdbc.JdbcProperties'
2024-12-23 18:37:20 - Autowiring by type from bean name 'jdbcTemplate' via factory method to bean named 'dataSource'
2024-12-23 18:37:20 - Autowiring by type from bean name 'jdbcTemplate' via factory method to bean named 'spring.jdbc-org.springframework.boot.autoconfigure.jdbc.JdbcProperties'
2024-12-23 18:37:20 - Creating shared instance of singleton bean 'org.springframework.boot.autoconfigure.jdbc.NamedParameterJdbcTemplateConfiguration'
2024-12-23 18:37:20 - Creating shared instance of singleton bean 'namedParameterJdbcTemplate'
2024-12-23 18:37:20 - Autowiring by type from bean name 'namedParameterJdbcTemplate' via factory method to bean named 'jdbcTemplate'
2024-12-23 18:37:20 - Creating shared instance of singleton bean 'org.springframework.boot.autoconfigure.jdbc.JdbcTemplateAutoConfiguration'
2024-12-23 18:37:20 - Creating shared instance of singleton bean 'org.springframework.boot.autoconfigure.jdbc.JdbcClientAutoConfiguration'
2024-12-23 18:37:20 - Creating shared instance of singleton bean 'jdbcClient'
2024-12-23 18:37:20 - Autowiring by type from bean name 'jdbcClient' via factory method to bean named 'namedParameterJdbcTemplate'
2024-12-23 18:37:20 - Creating shared instance of singleton bean 'org.springframework.security.config.annotation.web.configuration.WebSecurityConfiguration'
2024-12-23 18:37:20 - Creating shared instance of singleton bean 'filterChainDecoratorPostProcessor'
2024-12-23 18:37:20 - Creating shared instance of singleton bean 'mvcHandlerMappingIntrospectorRequestTransformer'
2024-12-23 18:37:20 - Creating shared instance of singleton bean 'delegatingApplicationListener'
2024-12-23 18:37:20 - Creating shared instance of singleton bean 'springSecurityFilterChain'
2024-12-23 18:37:20 - Creating shared instance of singleton bean 'webSecurityExpressionHandler'
2024-12-23 18:37:20 - Creating shared instance of singleton bean 'privilegeEvaluator'
2024-12-23 18:37:20 - Creating shared instance of singleton bean 'requestDataValueProcessor'
2024-12-23 18:37:20 - Creating shared instance of singleton bean 'org.springframework.security.config.annotation.web.configuration.ObservationConfiguration'
2024-12-23 18:37:20 - Creating shared instance of singleton bean 'org.springframework.boot.autoconfigure.security.servlet.SpringBootWebSecurityConfiguration'
2024-12-23 18:37:20 - Creating shared instance of singleton bean 'org.springframework.boot.autoconfigure.security.servlet.SecurityFilterAutoConfiguration'
2024-12-23 18:37:20 - Creating shared instance of singleton bean 'securityFilterChainRegistration'
2024-12-23 18:37:20 - Autowiring by type from bean name 'securityFilterChainRegistration' via factory method to bean named 'spring.security-org.springframework.boot.autoconfigure.security.SecurityProperties'
2024-12-23 18:37:20 - Creating shared instance of singleton bean 'org.springframework.boot.autoconfigure.sql.init.SqlInitializationAutoConfiguration'
2024-12-23 18:37:20 - Creating shared instance of singleton bean 'org.springframework.boot.autoconfigure.jdbc.DataSourceTransactionManagerAutoConfiguration$JdbcTransactionManagerConfiguration'
2024-12-23 18:37:20 - Creating shared instance of singleton bean 'org.springframework.boot.autoconfigure.jdbc.DataSourceTransactionManagerAutoConfiguration'
2024-12-23 18:37:20 - Creating shared instance of singleton bean 'org.springframework.boot.autoconfigure.transaction.TransactionAutoConfiguration$EnableTransactionManagementConfiguration$CglibAutoProxyConfiguration'
2024-12-23 18:37:20 - Creating shared instance of singleton bean 'org.springframework.boot.autoconfigure.transaction.TransactionAutoConfiguration$EnableTransactionManagementConfiguration'
2024-12-23 18:37:20 - Creating shared instance of singleton bean 'org.springframework.boot.autoconfigure.transaction.TransactionAutoConfiguration$TransactionTemplateConfiguration'
2024-12-23 18:37:20 - Creating shared instance of singleton bean 'transactionTemplate'
2024-12-23 18:37:21 - Autowiring by type from bean name 'transactionTemplate' via factory method to bean named 'transactionManager'
2024-12-23 18:37:21 - Creating shared instance of singleton bean 'org.springframework.boot.autoconfigure.transaction.TransactionAutoConfiguration'
2024-12-23 18:37:21 - Creating shared instance of singleton bean 'characterEncodingFilter'
2024-12-23 18:37:21 - Creating shared instance of singleton bean 'multipartResolver'
2024-12-23 18:37:21 - Creating shared instance of singleton bean 'org.springframework.boot.actuate.autoconfigure.endpoint.web.ServletEndpointManagementContextConfiguration$WebMvcServletEndpointManagementContextConfiguration'
2024-12-23 18:37:21 - Creating shared instance of singleton bean 'servletEndpointRegistrar'
2024-12-23 18:37:21 - Autowiring by type from bean name 'servletEndpointRegistrar' via factory method to bean named 'management.endpoints.web-org.springframework.boot.actuate.autoconfigure.endpoint.web.WebEndpointProperties'
2024-12-23 18:37:21 - Autowiring by type from bean name 'servletEndpointRegistrar' via factory method to bean named 'servletEndpointDiscoverer'
2024-12-23 18:37:21 - Autowiring by type from bean name 'servletEndpointRegistrar' via factory method to bean named 'dispatcherServletRegistration'
2024-12-23 18:37:21 - Autowiring by type from bean name 'servletEndpointRegistrar' via factory method to bean named 'propertiesEndpointAccessResolver'
2024-12-23 18:37:21 - Creating shared instance of singleton bean 'org.springframework.boot.actuate.autoconfigure.security.servlet.SecurityRequestMatchersManagementContextConfiguration$MvcRequestMatcherConfiguration'
2024-12-23 18:37:21 - Creating shared instance of singleton bean 'requestMatcherProvider'
2024-12-23 18:37:21 - Autowiring by type from bean name 'requestMatcherProvider' via factory method to bean named 'dispatcherServletRegistration'
2024-12-23 18:37:21 - Creating shared instance of singleton bean 'org.springframework.boot.actuate.autoconfigure.security.servlet.SecurityRequestMatchersManagementContextConfiguration'
2024-12-23 18:37:21 - Creating shared instance of singleton bean 'org.springframework.boot.actuate.autoconfigure.web.server.ManagementContextAutoConfiguration$SameManagementContextConfiguration$EnableSameManagementContextConfiguration'
2024-12-23 18:37:21 - Creating shared instance of singleton bean 'org.springframework.boot.actuate.autoconfigure.web.server.ManagementContextAutoConfiguration$SameManagementContextConfiguration'
2024-12-23 18:37:21 - Autowiring by type from bean name 'org.springframework.boot.actuate.autoconfigure.web.server.ManagementContextAutoConfiguration$SameManagementContextConfiguration' via constructor to bean named 'environment'
2024-12-23 18:37:21 - Creating shared instance of singleton bean 'org.springframework.boot.actuate.autoconfigure.web.server.ManagementContextAutoConfiguration'
2024-12-23 18:37:21 - Creating shared instance of singleton bean 'management.server-org.springframework.boot.actuate.autoconfigure.web.server.ManagementServerProperties'
2024-12-23 18:37:21 - Started GlobalDormApplicationTests in 6.598 seconds (process running for 7.922)
2024-12-23 18:37:21 - Closing org.springframework.web.context.support.GenericWebApplicationContext@36c54a56, started on Mon Dec 23 18:37:14 GMT 2024
2024-12-23 18:37:21 - Custom destroy method 'close' on bean with name 'simpleMeterRegistry' completed
2024-12-23 18:37:21 - Closing JPA EntityManagerFactory for persistence unit 'default'
2024-12-23 18:37:21 - HikariPool-1 - Shutdown initiated...
2024-12-23 18:37:21 - HikariPool-1 - Shutdown completed.
